\out /dev/null
COPY personentity (id, creationdate, favorite, modificationdate, dateofbirth, firstname, gender, lastname, middlename, title) FROM stdin;
34938	2018-02-15 08:45:20.307	f	2018-02-15 08:45:20.308	2018-02-15		UNKNOWN	nmr		
4000813	2018-05-29 10:50:00.317	f	2018-05-29 10:50:00.318	2018-05-29		UNKNOWN	Everling		
4197421	2018-06-05 10:21:16.061	f	2018-06-05 10:21:16.062	2018-06-05		UNKNOWN	Bartha		
\.
COPY studyscanprogramentity (id, creationdate, favorite, modificationdate, application, displayname, locked, nonservice, region, service, specimen) FROM stdin;
3509301	2018-05-15 11:02:42.182	f	2018-05-15 15:11:59.631	Anatomy	ScanProgram	f	f	Head	f	Rat
4590652	2018-06-18 13:18:00.536	f	2018-06-18 16:28:30.224	Brain	ScanProgram	f	f	Rat	f	CFMM
8817767	2018-10-02 09:18:03.589	f	2018-10-02 13:15:38.06	Rat	ScanProgram	f	f	Scan_Programs	f	CFMM
\.
COPY humanpositionentity (id, creationdate, favorite, modificationdate, orientation) FROM stdin;
34940	2018-02-15 08:45:20.31	f	2018-02-15 08:45:20.31	HEAD_PRONE
100474	2018-02-15 09:28:24.005	f	2018-02-15 09:28:24.005	HEAD_SUPINE
\.
COPY operatorentity (id, creationdate, favorite, modificationdate, personentity_id) FROM stdin;
34939	2018-02-15 08:45:20.308	f	2018-02-15 08:45:20.308	34938
\.
COPY referencesubjectentity (id, creationdate, favorite, modificationdate, archiveddate, comment, icon, openeddate, storagelocation, userpropertystring1, userpropertystring2, registration, sessionindex) FROM stdin;
4197423	2018-06-05 10:21:16.062	f	2018-06-05 10:29:44.146	\N		\N	\N		\N	\N	_RefSubject_CEST	2
5704749	2018-07-18 09:12:44.965	f	2018-07-23 13:39:10.306	\N		\N	\N		\N	\N	_RefSubject_rs_fMRI	2
\.
COPY projectleaderentity (id, creationdate, favorite, modificationdate, personentity_id) FROM stdin;
4000814	2018-05-29 10:50:00.318	f	2018-07-18 09:12:44.965	4000813
4197422	2018-06-05 10:21:16.062	f	2018-08-02 09:41:27.205	4197421
\.
COPY projectentity (id, creationdate, favorite, modificationdate, archiveddate, comment, icon, openeddate, storagelocation, userpropertystring1, userpropertystring2, displayname, registration, projectleaderentity_id, referencesubjectentity_id) FROM stdin;
5704750	2018-07-18 09:12:44.965	f	2018-10-05 13:26:19.305	\N	Rat rs-fMRI	\N	\N		\N	\N	Everling^Rats	rs_fMRI	4000814	5704749
4197424	2018-06-05 10:21:16.062	f	2018-07-17 11:23:58.337	\N		\N	\N		\N	\N	Bartha^CEST94T	CEST	4197422	4197423
\.
COPY sessionentity (id, creationdate, favorite, modificationdate, archiveddate, comment, icon, openeddate, storagelocation, userpropertystring1, userpropertystring2, displayname, index, studyindex, projectentity_id, subjectentity_id) FROM stdin;
1870895	2018-04-05 13:08:04.757	f	2018-06-11 15:54:11.734	\N	Default session for ParaVision datasets	\N	\N	/opt/PV6.0.1/data/nmr/20180611_152359_CFMM_Maintenance_Gilbert_20180611_06_1_12	\N	\N	Default	1	13	\N	1870894
4590644	2018-06-18 13:18:00.532	f	2018-06-18 13:18:00.532	\N	Default session for ParaVision datasets	\N	\N	/opt/PV6.0.1/data/nmr/20180618_131800_CEST_Bartha_CEST94T_AgarPhantom_20180618_01_1_1	\N	\N	20180618	1	2	4197424	4590643
8817710	2018-10-02 09:18:03.583	f	2018-10-02 09:18:03.583	\N		\N	\N	/opt/PV6.0.1/data/nmr/20181002_091803_rs_fMRI_Everling_Rats_Rat5_20181002_01_1_1	\N	\N	20181002	1	2	5704750	8817709
\.
COPY animalsubjectentity (id, creationdate, favorite, modificationdate, archiveddate, comment, icon, openeddate, storagelocation, userpropertystring1, userpropertystring2, registration, sessionindex, subjectdate, uniqueid, dateofdelivery, displayname, species, gender) FROM stdin;
8817709	2018-10-02 09:18:03.579	f	2018-10-02 09:18:03.583	\N		\N	\N	/opt/PV6.0.1/data/nmr/20181002_091803_rs_fMRI_Everling_Rats_Rat5_20181002_01_1_1	\N	\N	Everling^Rats_Rat5	2	2018-07-18 12:57:40.047	2.16.756.5.5.100.8323328.81463.1531933060.692	2018-07-17	Rat5	1	UNKNOWN
\.
COPY materialsubjectentity (id, creationdate, favorite, modificationdate, archiveddate, comment, icon, openeddate, storagelocation, userpropertystring1, userpropertystring2, registration, sessionindex, subjectdate, uniqueid, age, displayname) FROM stdin;
1870894	2018-04-05 13:08:04.756	f	2018-06-14 12:44:17.457	\N		\N	\N	/opt/PV6.0.1/data/nmr/20180614_124321_Maint_CFMM_Maintenance_Gilbert_20180514_02__4_1	\N	\N	CFMM^Maintenance^Gilbert	5	2018-02-22 13:46:12.468	2.16.756.5.5.100.8323328.9439.1519325172.3	3628800	9.4T
4590643	2018-06-18 13:18:00.529	f	2018-06-25 09:04:37.151	\N		\N	\N	/opt/PV6.0.1/data/nmr/20180625_090353_CEST_Bartha_CEST94T_AgarPhantom_20180625_01_2_1	\N	\N	Bartha^CEST94T_AgarPhantom	3	2018-06-05 10:27:29.961	2.16.756.5.5.100.8323328.66911.1528208849.4	1123200	AgarPhantom
\.
COPY plantsubjectentity (id, creationdate, favorite, modificationdate, archiveddate, comment, icon, openeddate, storagelocation, userpropertystring1, userpropertystring2, registration, sessionindex, subjectdate, uniqueid, dateofdelivery, displayname, species) FROM stdin;
\.
COPY fungussubjectentity (id, creationdate, favorite, modificationdate, archiveddate, comment, icon, openeddate, storagelocation, userpropertystring1, userpropertystring2, registration, sessionindex, subjectdate, uniqueid, dateofdelivery, displayname, species) FROM stdin;
\.
COPY studyentity (id, creationdate, favorite, modificationdate, archiveddate, comment, icon, openeddate, storagelocation, userpropertystring1, userpropertystring2, active, adjustmentconfiguration, closed, displayname, examinationindex, gradientcoilsystem, index, location, offline, registration, rfcoilconfig, shimcoilsystem, studydate, subjectweight, operatorentity_id, positionentity_id, sessionentity_id, studyscanprogramentity_id) FROM stdin;
4590653	2018-06-18 13:18:00.532	f	2018-06-18 16:28:30.191	\N		310157	\N	/opt/PV6.0.1/data/nmr/20180618_131800_CEST_Bartha_CEST94T_AgarPhantom_20180618_01_1_1	sphinx	\N	f	MRI_Default	t	20180618_01	27	$Bis,1,20171205,2048,GRADSYS,1#$Production,unknown,0001,00,00,RobartsResearchInstitute,20171205#$Name,xMR_300_150#$GradSystem,1.0,17,S205,0,,1#$GradTempSensor,1.0,1,PT100,60#$GradTempSensor,1.0,2,PT100,60#$GradTempSensor,1.0,3,PT100,60#$GradTempSensor,1.0,4,PT100,60#$GradTempSensor,1.0,5,PT100,60#$GradTempSensor,1.0,6,PT100,60#$GradCoil,1.0,X,S,638,0.2,,700,400,2400#$GradCoil,1.0,Y,S,638,0.2,,700,400,2400#$GradCoil,1.0,Z,S,723,0.2,,700,400,2400#$EndBis,68,18#	1	CFMM/Rat/Brain/1_Localizer	f	2.16.756.5.5.100.8323328.44748.1529342280.12	2.16.756.5.5.100.8323328.27372.1527603536.65	$Bis,1,20171204,2048,SHIMSYS,1#$Production,unknown,0001,00,00,RobartsResearchInstitute,20171215#$Name,xMR_300_150#$ShimSystem,1.0,17,S205,10,,#$ShimTempSensor,1.0,,,#$ShimCoil,1.0,1,2.3,100,20,#$ShimCoil,1.0,2,1.6,100,20,#$ShimCoil,1.0,3,1.6,100,20,#$ShimCoil,1.0,4,1.8,100,20,#$ShimCoil,1.0,5,1.8,100,20,#$ShimCoil,1.0,6,2.1,100,20,#$ShimCoil,1.0,7,2.0,100,20,#$ShimCoil,1.0,8,2.0,100,20,#$ShimCoil,1.0,9,1.7,100,20,#$ShimCoil,1.0,10,1.6,100,20,#$ShimFunction,1.0,1,Z2,2,248#$ShimFunction,1.0,2,ZX,2,122#$ShimFunction,1.0,3,ZY,2,121#$ShimFunction,1.0,4,2XY,2,106#$ShimFunction,1.0,5,X2-Y2,2,104#$ShimFunction,1.0,6,Z3,3,5.4#$ShimFunction,1.0,7,X3,3,7.6#$ShimFunction,1.0,8,Y3,3,7.4#$ShimFunction,1.0,9,Z(X2-Y2),3,8.5#$ShimFunction,1.0,10,XYZ,3,8.4#$ShimMatrix,1.0,1,1,1.0#$ShimMatrix,1.0,2,2,1.0#$ShimMatrix,1.0,3,3,1.0#$ShimMatrix,1.0,4,4,1.0#$ShimMatrix,1.0,5,5,1.0#$ShimMatrix,1.0,6,6,1.0#$ShimMatrix,1.0,7,7,1.0#$ShimMatrix,1.0,8,8,1.0#$ShimMatrix,1.0,9,9,1.0#$ShimMatrix,1.0,10,10,1.0#$EndBis,BA,83#	2018-06-18 13:18:00.532	0.001	34939	100474	4590644	4590652
3509302	2018-05-15 11:02:42.176	f	2018-05-15 15:11:59.494	\N		231024	\N	/opt/PV6.0.1/data/nmr/20180515_110242_CFMM_Maintenance_Gilbert_20180515_NHPArray_1_10	\N	\N	f	MRI_Default	t	20180515_NHPArray	36	$Bis,1,20171205,2048,GRADSYS,1#$Production,unknown,0001,00,00,RobartsResearchInstitute,20171205#$Name,xMR_300_150#$GradSystem,1.0,17,S205,0,,1#$GradTempSensor,1.0,1,PT100,60#$GradTempSensor,1.0,2,PT100,60#$GradTempSensor,1.0,3,PT100,60#$GradTempSensor,1.0,4,PT100,60#$GradTempSensor,1.0,5,PT100,60#$GradTempSensor,1.0,6,PT100,60#$GradCoil,1.0,X,S,638,0.2,,700,400,2400#$GradCoil,1.0,Y,S,638,0.2,,700,400,2400#$GradCoil,1.0,Z,S,723,0.2,,700,400,2400#$EndBis,68,18#	10	Rat/Head/Anatomy/1_Localizer	f	2.16.756.5.5.100.8323328.161533.1526396562.3	2.16.756.5.5.100.8323328.16233.1518637973.26	$Bis,1,20171204,2048,SHIMSYS,1#$Production,unknown,0001,00,00,RobartsResearchInstitute,20171215#$Name,xMR_300_150#$ShimSystem,1.0,17,S205,10,,#$ShimTempSensor,1.0,,,#$ShimCoil,1.0,1,2.3,100,20,#$ShimCoil,1.0,2,1.6,100,20,#$ShimCoil,1.0,3,1.6,100,20,#$ShimCoil,1.0,4,1.8,100,20,#$ShimCoil,1.0,5,1.8,100,20,#$ShimCoil,1.0,6,2.1,100,20,#$ShimCoil,1.0,7,2.0,100,20,#$ShimCoil,1.0,8,2.0,100,20,#$ShimCoil,1.0,9,1.7,100,20,#$ShimCoil,1.0,10,1.6,100,20,#$ShimFunction,1.0,1,Z2,2,248#$ShimFunction,1.0,2,ZX,2,122#$ShimFunction,1.0,3,ZY,2,121#$ShimFunction,1.0,4,2XY,2,106#$ShimFunction,1.0,5,X2-Y2,2,104#$ShimFunction,1.0,6,Z3,3,5.4#$ShimFunction,1.0,7,X3,3,7.6#$ShimFunction,1.0,8,Y3,3,7.4#$ShimFunction,1.0,9,Z(X2-Y2),3,8.5#$ShimFunction,1.0,10,XYZ,3,8.4#$ShimMatrix,1.0,1,1,1.0#$ShimMatrix,1.0,2,2,1.0#$ShimMatrix,1.0,3,3,1.0#$ShimMatrix,1.0,4,4,1.0#$ShimMatrix,1.0,5,5,1.0#$ShimMatrix,1.0,6,6,1.0#$ShimMatrix,1.0,7,7,1.0#$ShimMatrix,1.0,8,8,1.0#$ShimMatrix,1.0,9,9,1.0#$ShimMatrix,1.0,10,10,1.0#$EndBis,BA,83#	2018-05-15 11:02:42.176	0.001	34939	100474	1870895	3509301
8817768	2018-10-02 09:18:03.583	f	2018-10-02 13:15:37.963	\N		600125	\N	/opt/PV6.0.1/data/nmr/20181002_091803_rs_fMRI_Everling_Rats_Rat5_20181002_01_1_1	\N	\N	f	MRI_Default	t	20181002_01	26	$Bis,1,20171205,2048,GRADSYS,1#$Production,unknown,0001,00,00,RobartsResearchInstitute,20171205#$Name,xMR_300_150#$GradSystem,1.0,17,S205,0,,1#$GradTempSensor,1.0,1,PT100,60#$GradTempSensor,1.0,2,PT100,60#$GradTempSensor,1.0,3,PT100,60#$GradTempSensor,1.0,4,PT100,60#$GradTempSensor,1.0,5,PT100,60#$GradTempSensor,1.0,6,PT100,60#$GradCoil,1.0,X,S,638,0.2,,700,400,2400#$GradCoil,1.0,Y,S,638,0.2,,700,400,2400#$GradCoil,1.0,Z,S,723,0.2,,700,400,2400#$EndBis,68,18#	1	CFMM/Scan_Programs/Rat/Rat_fMRI	f	2.16.756.5.5.100.8323328.129754.1538486283.3	2.16.756.5.5.100.8323328.27372.1527603536.65	$Bis,1,20171204,2048,SHIMSYS,1#$Production,unknown,0001,00,00,RobartsResearchInstitute,20171215#$Name,xMR_300_150#$ShimSystem,1.0,17,S205,10,,#$ShimTempSensor,1.0,,,#$ShimCoil,1.0,1,2.3,100,20,#$ShimCoil,1.0,2,1.6,100,20,#$ShimCoil,1.0,3,1.6,100,20,#$ShimCoil,1.0,4,1.8,100,20,#$ShimCoil,1.0,5,1.8,100,20,#$ShimCoil,1.0,6,2.1,100,20,#$ShimCoil,1.0,7,2.0,100,20,#$ShimCoil,1.0,8,2.0,100,20,#$ShimCoil,1.0,9,1.7,100,20,#$ShimCoil,1.0,10,1.6,100,20,#$ShimFunction,1.0,1,Z2,2,248#$ShimFunction,1.0,2,ZX,2,122#$ShimFunction,1.0,3,ZY,2,121#$ShimFunction,1.0,4,2XY,2,106#$ShimFunction,1.0,5,X2-Y2,2,104#$ShimFunction,1.0,6,Z3,3,5.4#$ShimFunction,1.0,7,X3,3,7.6#$ShimFunction,1.0,8,Y3,3,7.4#$ShimFunction,1.0,9,Z(X2-Y2),3,8.5#$ShimFunction,1.0,10,XYZ,3,8.4#$ShimMatrix,1.0,1,1,1.0#$ShimMatrix,1.0,2,2,1.0#$ShimMatrix,1.0,3,3,1.0#$ShimMatrix,1.0,4,4,1.0#$ShimMatrix,1.0,5,5,1.0#$ShimMatrix,1.0,6,6,1.0#$ShimMatrix,1.0,7,7,1.0#$ShimMatrix,1.0,8,8,1.0#$ShimMatrix,1.0,9,9,1.0#$ShimMatrix,1.0,10,10,1.0#$EndBis,BA,83#	2018-10-02 09:18:03.583	0.001	34939	34940	8817710	8817767
\.
COPY examinationentity (id, creationdate, favorite, modificationdate, archiveddate, comment, icon, openeddate, storagelocation, userpropertystring1, userpropertystring2, acqtime, dimensiontypes, displayname, imageseriesindex, index, offline, rawdataavailable, scaninstructionentity_id, studyentity_id) FROM stdin;
3509331	2018-05-15 12:33:00.198	f	2018-05-15 15:11:59.491	\N		231049	\N	/opt/PV6.0.1/data/nmr/20180515_110242_CFMM_Maintenance_Gilbert_20180515_NHPArray_1_10/6	\N	\N	2018-05-15 12:31:56.315	spatial spatial spatial	B0Map-ADJ_B0MAP (E6)	2	6	f	t	\N	3509302
3509298	2018-05-15 11:02:42.207	f	2018-05-15 15:11:59.445	\N		231025	\N	/opt/PV6.0.1/data/nmr/20180515_110242_CFMM_Maintenance_Gilbert_20180515_NHPArray_1_10/1	\N	\N	2018-05-15 12:22:48.846	spatial spatial	1_Localizer (E1)	2	1	f	t	3509297	3509302
3509316	2018-05-15 12:25:55.872	f	2018-05-15 15:11:59.477	\N		231026	\N	/opt/PV6.0.1/data/nmr/20180515_110242_CFMM_Maintenance_Gilbert_20180515_NHPArray_1_10/3	\N	\N	2018-05-15 12:27:19.286	spatial spatial	1_Localizer (E3)	2	3	f	t	3509315	3509302
3509367	2018-05-15 12:44:08.022	f	2018-05-15 15:11:59.494	\N		231029	\N	/opt/PV6.0.1/data/nmr/20180515_110242_CFMM_Maintenance_Gilbert_20180515_NHPArray_1_10/12	\N	\N	2018-05-15 12:45:11.444	spatial spatial	2DFLASH_Multislice_Signal (E12)	3	12	f	t	3509366	3509302
3509379	2018-05-15 12:45:29.844	f	2018-05-16 12:27:56.16	\N		233533	\N	/opt/PV6.0.1/data/nmr/20180515_110242_CFMM_Maintenance_Gilbert_20180515_NHPArray_1_10/14	\N	\N	2018-05-15 12:46:27.348	spatial spatial	2DFLASH_Cor_Signal (E14)	5	14	f	t	3509378	3509302
3509337	2018-05-15 12:34:46.73	f	2018-05-15 15:11:59.494	\N		\N	\N	/opt/PV6.0.1/data/nmr/20180515_110242_CFMM_Maintenance_Gilbert_20180515_NHPArray_1_10/7	\N	\N	2018-05-15 12:36:00.359	spectroscopic	SINGLEPULSE_1MHz (E7)	2	7	f	t	3509336	3509302
3509373	2018-05-15 12:44:45.999	f	2018-05-15 15:11:59.494	\N		231030	\N	/opt/PV6.0.1/data/nmr/20180515_110242_CFMM_Maintenance_Gilbert_20180515_NHPArray_1_10/13	\N	\N	2018-05-15 12:45:50.669	spatial spatial	2DFLASH_Multislice_Noise (E13)	3	13	f	t	3509372	3509302
3509407	2018-05-15 12:59:50.14	f	2018-05-15 15:11:59.494	\N		231035	\N	/opt/PV6.0.1/data/nmr/20180515_110242_CFMM_Maintenance_Gilbert_20180515_NHPArray_1_10/18	\N	\N	2018-05-15 13:13:27.41	spatial spatial spatial	mprage (E18)	2	18	f	t	3509406	3509302
3509343	2018-05-15 12:35:37.377	f	2018-05-15 15:11:59.494	\N		\N	\N	/opt/PV6.0.1/data/nmr/20180515_110242_CFMM_Maintenance_Gilbert_20180515_NHPArray_1_10/8	\N	\N	2018-05-15 12:36:18.873	spectroscopic	SINGLEPULSE_1MHz_Noise (E8)	2	8	f	t	3509342	3509302
3509349	2018-05-15 12:36:25.493	f	2018-05-15 15:11:59.494	\N		231027	\N	/opt/PV6.0.1/data/nmr/20180515_110242_CFMM_Maintenance_Gilbert_20180515_NHPArray_1_10/9	\N	\N	2018-05-15 12:39:03.692	spatial spatial spatial	rpAFI (E9)	2	9	f	t	3509348	3509302
3509385	2018-05-15 12:46:59.027	f	2018-05-15 15:11:59.494	\N		231032	\N	/opt/PV6.0.1/data/nmr/20180515_110242_CFMM_Maintenance_Gilbert_20180515_NHPArray_1_10/15	\N	\N	2018-05-15 12:47:48.113	spatial spatial	2DFLASH_Cor_Noise (E15)	3	15	f	t	3509384	3509302
3509419	2018-05-15 13:15:41.473	f	2018-05-15 15:11:59.494	\N		231037	\N	/opt/PV6.0.1/data/nmr/20180515_110242_CFMM_Maintenance_Gilbert_20180515_NHPArray_1_10/20	\N	\N	2018-05-15 13:24:06.172	spatial spatial	SWI_FLASH (E20)	4	20	f	t	3509418	3509302
3509465	2018-05-15 13:46:08.749	f	2018-05-15 15:11:59.494	\N		231044	\N	/opt/PV6.0.1/data/nmr/20180515_110242_CFMM_Maintenance_Gilbert_20180515_NHPArray_1_10/27	\N	\N	2018-05-15 13:59:07.458	spatial spatial	ep2d_p2_RC_500iso (E27)	2	27	f	t	3509464	3509302
3509471	2018-05-15 13:53:59.181	f	2018-05-15 15:11:59.494	\N		231045	\N	/opt/PV6.0.1/data/nmr/20180515_110242_CFMM_Maintenance_Gilbert_20180515_NHPArray_1_10/28	\N	\N	2018-05-15 14:06:08.047	spatial spatial	fl2d_t2star (E28)	2	28	f	t	3509470	3509302
3509478	2018-05-15 14:02:00.995	f	2018-05-15 15:11:59.494	\N		231046	\N	/opt/PV6.0.1/data/nmr/20180515_110242_CFMM_Maintenance_Gilbert_20180515_NHPArray_1_10/29	\N	\N	2018-05-15 14:11:43.464	spatial spatial	ep2d_diff_p2_30dir (E29)	3	29	f	t	3509477	3509302
3509355	2018-05-15 12:38:21.019	f	2018-05-15 15:11:59.494	\N		231028	\N	/opt/PV6.0.1/data/nmr/20180515_110242_CFMM_Maintenance_Gilbert_20180515_NHPArray_1_10/10	\N	\N	2018-05-15 12:44:18.946	spatial spatial	EPI_Noise (E10)	2	10	f	t	3509354	3509302
3509391	2018-05-15 12:49:57.86	f	2018-05-15 15:11:59.494	\N		231033	\N	/opt/PV6.0.1/data/nmr/20180515_110242_CFMM_Maintenance_Gilbert_20180515_NHPArray_1_10/16	\N	\N	2018-05-15 12:56:43.993	spatial spatial	SWI_FLASH (E16)	4	16	f	t	3509390	3509302
3509397	2018-05-15 12:52:22.993	f	2018-05-15 15:11:59.494	\N		231034	\N	/opt/PV6.0.1/data/nmr/20180515_110242_CFMM_Maintenance_Gilbert_20180515_NHPArray_1_10/17	\N	\N	2018-05-15 13:00:48.921	spatial spatial	T2_TurboRARE (E17)	2	17	f	t	3509396	3509302
3509413	2018-05-15 13:07:00.983	f	2018-05-15 15:11:59.494	\N		231036	\N	/opt/PV6.0.1/data/nmr/20180515_110242_CFMM_Maintenance_Gilbert_20180515_NHPArray_1_10/19	\N	\N	2018-05-15 13:18:06.296	spatial spatial	T2_TurboRARE_p2_highRes (E19)	2	19	f	t	3509412	3509302
3509499	2018-05-15 14:13:42.136	f	2018-05-15 15:11:59.494	\N		231047	\N	/opt/PV6.0.1/data/nmr/20180515_110242_CFMM_Maintenance_Gilbert_20180515_NHPArray_1_10/32	\N	\N	2018-05-15 14:22:30.936	spatial spatial	multi_echo_gre_t2star_map (E32)	3	32	f	t	3509498	3509302
3509429	2018-05-15 13:19:21.267	f	2018-05-15 15:11:59.494	\N		231038	\N	/opt/PV6.0.1/data/nmr/20180515_110242_CFMM_Maintenance_Gilbert_20180515_NHPArray_1_10/21	\N	\N	2018-05-15 13:25:15.935	spatial spatial	T2star_FID_EPI (E21)	2	21	f	t	3509428	3509302
3509435	2018-05-15 13:26:10.438	f	2018-05-15 15:11:59.494	\N		231039	\N	/opt/PV6.0.1/data/nmr/20180515_110242_CFMM_Maintenance_Gilbert_20180515_NHPArray_1_10/22	\N	\N	2018-05-15 13:28:22.982	spatial spatial	ep2d_p2_LR (E22)	2	22	f	t	3509434	3509302
3509561	2018-05-15 15:10:38.441	f	2018-05-15 15:11:59.494	\N		\N	\N	/opt/PV6.0.1/data/nmr/20180515_110242_CFMM_Maintenance_Gilbert_20180515_NHPArray_1_10/35	\N	\N	\N		ep2d_p2_RC_500iso (E35)	2	35	f	f	3509560	3509302
3509328	2018-05-15 12:29:17.123	f	2018-05-15 15:11:59.477	\N		231048	\N	/opt/PV6.0.1/data/nmr/20180515_110242_CFMM_Maintenance_Gilbert_20180515_NHPArray_1_10/5	\N	\N	2018-05-15 12:28:16.309	spatial spatial spatial	B0Map-ADJ_B0MAP (E5)	2	5	f	t	\N	3509302
3509441	2018-05-15 13:28:29.939	f	2018-05-15 15:11:59.494	\N		231040	\N	/opt/PV6.0.1/data/nmr/20180515_110242_CFMM_Maintenance_Gilbert_20180515_NHPArray_1_10/23	\N	\N	2018-05-15 13:35:57.086	spatial spatial	fl2d_t2star (E23)	2	23	f	t	3509440	3509302
3509447	2018-05-15 13:31:46.737	f	2018-05-15 15:11:59.494	\N		231041	\N	/opt/PV6.0.1/data/nmr/20180515_110242_CFMM_Maintenance_Gilbert_20180515_NHPArray_1_10/24	\N	\N	2018-05-15 13:37:04.521	spatial spatial	ep2d_p2_RC (E24)	2	24	f	t	3509446	3509302
3509453	2018-05-15 13:38:01.818	f	2018-05-15 15:11:59.494	\N		231042	\N	/opt/PV6.0.1/data/nmr/20180515_110242_CFMM_Maintenance_Gilbert_20180515_NHPArray_1_10/25	\N	\N	2018-05-15 13:40:44.492	spatial spatial	ep2d_p2_RC_500iso (E25)	2	25	f	t	3509452	3509302
3509459	2018-05-15 13:43:04.01	f	2018-05-15 15:11:59.494	\N		231043	\N	/opt/PV6.0.1/data/nmr/20180515_110242_CFMM_Maintenance_Gilbert_20180515_NHPArray_1_10/26	\N	\N	2018-05-15 13:52:39.803	spatial spatial	fl2d_t2star (E26)	2	26	f	t	3509458	3509302
4590721	2018-06-18 14:19:38.453	f	2018-06-18 16:28:30.191	\N		310162	\N	/opt/PV6.0.1/data/nmr/20180618_131800_CEST_Bartha_CEST94T_AgarPhantom_20180618_01_1_1/12	\N	\N	2018-06-18 14:27:24.076	spatial spatial	MT_EPI_CEST_49steps_Rat (E12)	2	12	f	t	4590720	4590653
4590727	2018-06-18 14:22:29.986	f	2018-06-18 16:28:30.191	\N		310163	\N	/opt/PV6.0.1/data/nmr/20180618_131800_CEST_Bartha_CEST94T_AgarPhantom_20180618_01_1_1/13	\N	\N	2018-06-18 14:30:24.444	spatial spatial	MT_EPI_WASSR_Rat (E13)	2	13	f	t	4590726	4590653
4590743	2018-06-18 14:27:13.078	f	2018-06-18 16:28:30.191	\N		310164	\N	/opt/PV6.0.1/data/nmr/20180618_131800_CEST_Bartha_CEST94T_AgarPhantom_20180618_01_1_1/15	\N	\N	2018-06-18 14:36:02.059	spatial spatial	MT_EPI_CEST_49steps_Rat (E15)	2	15	f	t	4590742	4590653
4590749	2018-06-18 14:30:32.946	f	2018-06-18 16:28:30.191	\N		310165	\N	/opt/PV6.0.1/data/nmr/20180618_131800_CEST_Bartha_CEST94T_AgarPhantom_20180618_01_1_1/16	\N	\N	2018-06-18 14:38:42.976	spatial spatial	MT_EPI_WASSR_Rat (E16)	2	16	f	t	4590748	4590653
4590755	2018-06-18 14:31:09.306	f	2018-06-18 16:28:30.191	\N		310166	\N	/opt/PV6.0.1/data/nmr/20180618_131800_CEST_Bartha_CEST94T_AgarPhantom_20180618_01_1_1/17	\N	\N	2018-06-18 14:44:21.156	spatial spatial	MT_EPI_CEST_49steps_Rat (E17)	2	17	f	t	4590754	4590653
4590795	2018-06-18 15:45:11.06	f	2018-06-18 16:28:30.191	\N		310168	\N	/opt/PV6.0.1/data/nmr/20180618_131800_CEST_Bartha_CEST94T_AgarPhantom_20180618_01_1_1/21	\N	\N	2018-06-18 15:51:51.215	spatial spatial	MT_EPI_CEST_49steps_Rat (E21)	2	21	f	t	4590794	4590653
4590649	2018-06-18 13:18:00.617	f	2018-06-18 16:28:30.172	\N		310158	\N	/opt/PV6.0.1/data/nmr/20180618_131800_CEST_Bartha_CEST94T_AgarPhantom_20180618_01_1_1/1	\N	\N	2018-06-18 13:20:45.35	spatial spatial	1_Localizer (E1)	2	1	f	t	4590648	4590653
4590658	2018-06-18 13:27:30.535	f	2018-06-18 16:28:30.188	\N		310159	\N	/opt/PV6.0.1/data/nmr/20180618_131800_CEST_Bartha_CEST94T_AgarPhantom_20180618_01_1_1/2	\N	\N	2018-06-18 13:33:23.593	spatial spatial	T2_TurboRARE_Rat (E2)	2	2	f	t	4590657	4590653
4590788	2018-06-18 15:34:17.917	f	2018-06-18 16:28:30.191	\N		310167	\N	/opt/PV6.0.1/data/nmr/20180618_131800_CEST_Bartha_CEST94T_AgarPhantom_20180618_01_1_1/20	\N	\N	2018-06-18 15:41:25.095	spatial spatial	MT_EPI_CEST_49steps_Cor (E20)	2	20	f	t	4590787	4590653
4590802	2018-06-18 15:46:55.467	f	2018-06-18 16:28:30.191	\N		310169	\N	/opt/PV6.0.1/data/nmr/20180618_131800_CEST_Bartha_CEST94T_AgarPhantom_20180618_01_1_1/22	\N	\N	2018-06-18 16:02:22.732	spatial spatial	MT_EPI_CEST_49steps_4A (E22)	2	22	f	t	4590801	4590653
4590809	2018-06-18 16:03:52.585	f	2018-06-18 16:28:30.191	\N		310170	\N	/opt/PV6.0.1/data/nmr/20180618_131800_CEST_Bartha_CEST94T_AgarPhantom_20180618_01_1_1/23	\N	\N	2018-06-18 16:10:24.958	spatial spatial	MT_EPI_CEST_49steps_Rat (E23)	2	23	f	t	4590808	4590653
4590661	2018-06-18 13:29:17.755	f	2018-06-18 16:28:30.188	\N		310174	\N	/opt/PV6.0.1/data/nmr/20180618_131800_CEST_Bartha_CEST94T_AgarPhantom_20180618_01_1_1/3	\N	\N	2018-06-18 13:28:17.396	spatial spatial spatial	B0Map-ADJ_B0MAP (E3)	3	3	f	t	\N	4590653
4590817	2018-06-18 16:11:35.208	f	2018-06-18 16:28:30.191	\N		310171	\N	/opt/PV6.0.1/data/nmr/20180618_131800_CEST_Bartha_CEST94T_AgarPhantom_20180618_01_1_1/24	\N	\N	2018-06-18 16:15:14.885	spatial spatial	MT_EPI_CEST_49steps_Rat (E24)	2	24	f	t	4590816	4590653
4590685	2018-06-18 13:53:32.292	f	2018-06-18 16:28:30.191	\N		310160	\N	/opt/PV6.0.1/data/nmr/20180618_131800_CEST_Bartha_CEST94T_AgarPhantom_20180618_01_1_1/7	\N	\N	2018-06-18 14:00:35.448	spatial spatial	MT_EPI_FullCEST (E7)	2	7	f	t	4590684	4590653
4590823	2018-06-18 16:16:26.21	f	2018-06-18 16:28:30.191	\N		310172	\N	/opt/PV6.0.1/data/nmr/20180618_131800_CEST_Bartha_CEST94T_AgarPhantom_20180618_01_1_1/25	\N	\N	2018-06-18 16:21:18.569	spatial spatial	MT_EPI_CEST_49steps_Rat (E25)	2	25	f	t	4590822	4590653
4590829	2018-06-18 16:21:26.549	f	2018-06-18 16:28:30.191	\N		310173	\N	/opt/PV6.0.1/data/nmr/20180618_131800_CEST_Bartha_CEST94T_AgarPhantom_20180618_01_1_1/26	\N	\N	2018-06-18 16:25:32.83	spatial spatial	MT_EPI_CEST_49steps_Rat (E26)	2	26	f	t	4590828	4590653
4590691	2018-06-18 14:02:45.237	f	2018-06-18 16:28:30.191	\N		310161	\N	/opt/PV6.0.1/data/nmr/20180618_131800_CEST_Bartha_CEST94T_AgarPhantom_20180618_01_1_1/8	\N	\N	2018-06-18 14:08:49.395	spatial spatial	MT_EPI_CEST_49steps_Rat (E8)	2	8	f	t	4590690	4590653
8817715	2018-10-02 09:18:03.79	f	2018-10-02 13:15:37.921	\N		600126	\N	/opt/PV6.0.1/data/nmr/20181002_091803_rs_fMRI_Everling_Rats_Rat5_20181002_01_1_1/1	\N	\N	2018-10-02 09:44:24.32	spatial spatial	1_Localizer (E1)	2	1	f	t	8817714	8817768
8817727	2018-10-02 09:18:04.228	f	2018-10-02 13:15:37.963	\N		600132	\N	/opt/PV6.0.1/data/nmr/20181002_091803_rs_fMRI_Everling_Rats_Rat5_20181002_01_1_1/3	\N	\N	2018-10-02 10:37:45.087	spatial spatial	T2_TurboRARE_ETL8 (E3)	2	3	f	t	8817726	8817768
8817721	2018-10-02 09:18:04.069	f	2018-10-02 13:15:37.955	\N		\N	\N	/opt/PV6.0.1/data/nmr/20181002_091803_rs_fMRI_Everling_Rats_Rat5_20181002_01_1_1/2	\N	\N	\N		FLASH3D_MT_ON (E2)	2	2	f	f	8817720	8817768
8817757	2018-10-02 09:18:05.192	f	2018-10-02 13:15:37.963	\N		\N	\N	/opt/PV6.0.1/data/nmr/20181002_091803_rs_fMRI_Everling_Rats_Rat5_20181002_01_1_1/8	\N	\N	\N		T2star_rsFMRI_iso400_Instruction (E8)	2	8	f	f	8817756	8817768
8817745	2018-10-02 09:18:04.758	f	2018-10-02 13:15:37.963	\N		600131	\N	/opt/PV6.0.1/data/nmr/20181002_091803_rs_fMRI_Everling_Rats_Rat5_20181002_01_1_1/6	\N	\N	2018-10-02 10:29:12.914	spatial spatial spatial	nihMP2RAGE_3Seg_750ms_3s (E6)	5	6	f	t	8817744	8817768
8817751	2018-10-02 09:18:04.911	f	2018-10-02 13:15:37.963	\N		600133	\N	/opt/PV6.0.1/data/nmr/20181002_091803_rs_fMRI_Everling_Rats_Rat5_20181002_01_1_1/7	\N	\N	2018-10-02 10:40:23.624	spatial spatial	T2star_rsFMRI_iso400Test (E7)	2	7	f	t	8817750	8817768
8817775	2018-10-02 09:42:28.904	f	2018-10-02 13:15:37.963	\N		600127	\N	/opt/PV6.0.1/data/nmr/20181002_091803_rs_fMRI_Everling_Rats_Rat5_20181002_01_1_1/10	\N	\N	2018-10-02 09:46:59.617	spatial spatial	1_Localizer (E10)	2	10	f	t	8817774	8817768
8817783	2018-10-02 09:46:26.408	f	2018-10-02 13:15:37.963	\N		600128	\N	/opt/PV6.0.1/data/nmr/20181002_091803_rs_fMRI_Everling_Rats_Rat5_20181002_01_1_1/11	\N	\N	2018-10-02 09:48:25.145	spatial spatial	1_Localizer (E11)	2	11	f	t	8817782	8817768
8817803	2018-10-02 09:52:00.844	f	2018-10-02 13:15:37.963	\N		600142	\N	/opt/PV6.0.1/data/nmr/20181002_091803_rs_fMRI_Everling_Rats_Rat5_20181002_01_1_1/14	\N	\N	2018-10-02 09:51:00.875	spatial spatial spatial	B0Map-ADJ_B0MAP (E14)	2	14	f	t	\N	8817768
8817791	2018-10-02 09:47:51.864	f	2018-10-02 13:15:37.963	\N		600129	\N	/opt/PV6.0.1/data/nmr/20181002_091803_rs_fMRI_Everling_Rats_Rat5_20181002_01_1_1/12	\N	\N	2018-10-02 09:50:07.939	spatial spatial	1_Localizer (E12)	2	12	f	t	8817790	8817768
8817733	2018-10-02 09:18:04.417	f	2018-10-02 13:15:37.963	\N		600130	\N	/opt/PV6.0.1/data/nmr/20181002_091803_rs_fMRI_Everling_Rats_Rat5_20181002_01_1_1/4	\N	\N	2018-10-02 10:05:37.633	spatial spatial	T2_TurboRARE_AX_Rat (E4)	2	4	f	t	8817732	8817768
8817821	2018-10-02 10:38:47.405	f	2018-10-02 13:15:37.963	\N		600134	\N	/opt/PV6.0.1/data/nmr/20181002_091803_rs_fMRI_Everling_Rats_Rat5_20181002_01_1_1/16	\N	\N	2018-10-02 10:58:33.262	spatial spatial	T2star_rsFMRI_iso400_600V_Run1 (E16)	2	16	f	t	8817820	8817768
8817827	2018-10-02 10:42:25.705	f	2018-10-02 13:15:37.963	\N		600135	\N	/opt/PV6.0.1/data/nmr/20181002_091803_rs_fMRI_Everling_Rats_Rat5_20181002_01_1_1/17	\N	\N	2018-10-02 11:15:56.424	spatial spatial	T2star_rsFMRI_iso400_600V_Run2 (E17)	2	17	f	t	8817826	8817768
8817834	2018-10-02 10:59:46.828	f	2018-10-02 13:15:37.963	\N		600136	\N	/opt/PV6.0.1/data/nmr/20181002_091803_rs_fMRI_Everling_Rats_Rat5_20181002_01_1_1/18	\N	\N	2018-10-02 11:33:31.944	spatial spatial	T2star_rsFMRI_iso400_600V_Run3 (E18)	2	18	f	t	8817833	8817768
8817840	2018-10-02 11:17:21.352	f	2018-10-02 13:15:37.963	\N		600137	\N	/opt/PV6.0.1/data/nmr/20181002_091803_rs_fMRI_Everling_Rats_Rat5_20181002_01_1_1/19	\N	\N	2018-10-02 11:52:49.638	spatial spatial	T2star_rsFMRI_iso400_600V_Run4 (E19)	2	19	f	t	8817839	8817768
8817846	2018-10-02 11:36:41.477	f	2018-10-02 13:15:37.963	\N		600138	\N	/opt/PV6.0.1/data/nmr/20181002_091803_rs_fMRI_Everling_Rats_Rat5_20181002_01_1_1/20	\N	\N	2018-10-02 12:11:59.285	spatial spatial	T2star_rsFMRI_iso400_600V_Run5 (E20)	2	20	f	t	8817845	8817768
8817852	2018-10-02 11:55:51.56	f	2018-10-02 13:15:37.963	\N		600139	\N	/opt/PV6.0.1/data/nmr/20181002_091803_rs_fMRI_Everling_Rats_Rat5_20181002_01_1_1/21	\N	\N	2018-10-02 12:29:36.482	spatial spatial	T2star_rsFMRI_iso400_600V_Run6 (E21)	2	21	f	t	8817851	8817768
8817858	2018-10-02 12:26:54.29	f	2018-10-02 13:15:37.963	\N		600140	\N	/opt/PV6.0.1/data/nmr/20181002_091803_rs_fMRI_Everling_Rats_Rat5_20181002_01_1_1/22	\N	\N	2018-10-02 12:35:57.66	spatial spatial	FLASH2D_TestTi1s (E22)	2	22	f	t	8817857	8817768
8817864	2018-10-02 12:30:48.49	f	2018-10-02 13:15:37.963	\N		600141	\N	/opt/PV6.0.1/data/nmr/20181002_091803_rs_fMRI_Everling_Rats_Rat5_20181002_01_1_1/23	\N	\N	2018-10-02 12:41:08.914	spatial spatial	FLASH2D_TestNoTi (E23)	2	23	f	t	8817863	8817768
8817876	2018-10-02 12:38:29.674	f	2018-10-02 13:15:37.963	\N		\N	\N	/opt/PV6.0.1/data/nmr/20181002_091803_rs_fMRI_Everling_Rats_Rat5_20181002_01_1_1/25	\N	\N	\N		T2star_rsFMRI_iso400Test (E25)	2	25	f	f	8817875	8817768
8817870	2018-10-02 12:37:50.47	f	2018-10-02 13:15:37.963	\N		\N	\N	/opt/PV6.0.1/data/nmr/20181002_091803_rs_fMRI_Everling_Rats_Rat5_20181002_01_1_1/24	\N	\N	\N		ep2d_dti_RV (E24)	2	24	f	f	8817869	8817768
\.
COPY imageseriesentity (id, creationdate, favorite, modificationdate, archiveddate, comment, icon, openeddate, storagelocation, userpropertystring1, userpropertystring2, dimensiontypes, framecount, imagetime, importtime, index, modality, offline, recodataavailable, standardvisudescription, typeid, examinationentity_id) FROM stdin;
3509500	2018-05-15 14:13:42.136	f	2018-05-15 15:11:59.494	\N	multi_echo_gre_t2star_map	231070	\N	/opt/PV6.0.1/data/nmr/20180515_110242_CFMM_Maintenance_Gilbert_20180515_NHPArray_1_10/32/pdata/1	\N	\N	spatial spatial	320	2018-05-15 14:22:30.55	\N	1	MR	f	t	t	ACQ_BRUKER_PVM	3509499
3542291	2018-05-16 12:27:14.011	f	2018-05-16 12:27:26.36	\N	2DFLASH_Cor_Signal	233527	\N	/opt/PV6.0.1/data/nmr/20180515_110242_CFMM_Maintenance_Gilbert_20180515_NHPArray_1_10/14/pdata/3	\N	\N	spatial spatial	8	2018-05-16 12:27:26.336	\N	3	MR	f	t	t	ACQ_BRUKER_PVM	3509379
3509503	2018-05-15 14:23:34.533	f	2018-05-15 15:11:59.494	\N	Parametric image for T2* relaxation: y=A+C*exp(-t/T2) produced f	231080	\N	/opt/PV6.0.1/data/nmr/20180515_110242_CFMM_Maintenance_Gilbert_20180515_NHPArray_1_10/32/pdata/2	\N	\N	spatial spatial	200	2018-05-15 14:23:34.458	\N	2	MR	f	t	t	DERIVED_ISA	3509499
3542293	2018-05-16 12:27:48.354	f	2018-05-16 12:27:56.184	\N	2DFLASH_Cor_Signal	233532	\N	/opt/PV6.0.1/data/nmr/20180515_110242_CFMM_Maintenance_Gilbert_20180515_NHPArray_1_10/14/pdata/4	\N	\N	spatial spatial	8	2018-05-16 12:27:56.16	\N	4	MR	f	t	t	ACQ_BRUKER_PVM	3509379
3509350	2018-05-15 12:36:25.493	f	2018-05-15 15:11:59.494	\N		231057	\N	/opt/PV6.0.1/data/nmr/20180515_110242_CFMM_Maintenance_Gilbert_20180515_NHPArray_1_10/9/pdata/1	\N	\N	spatial spatial spatial	64	2018-05-15 12:39:00.932	\N	1	MR	f	t	t	ACQ_USER_PVM	3509349
3509317	2018-05-15 12:25:55.872	f	2018-05-15 15:11:59.648	\N		231083	2018-05-15 12:27:19.605	/opt/PV6.0.1/data/nmr/20180515_110242_CFMM_Maintenance_Gilbert_20180515_NHPArray_1_10/3/pdata/1	\N	\N	spatial spatial	3	2018-05-15 12:27:16.405	\N	1	MR	f	t	t	ACQ_BRUKER_PVM	3509316
3509402	2018-05-15 12:58:12.554	f	2018-05-15 15:11:59.494	\N		\N	\N	/opt/PV6.0.1/data/nmr/20180515_110242_CFMM_Maintenance_Gilbert_20180515_NHPArray_1_10/16/pdata/3	\N	\N		\N	\N	\N	3	MR	f	f	f		3509391
3509414	2018-05-15 13:07:00.984	f	2018-05-15 15:11:59.494	\N	T2_TurboRARE_p2_highRes	231050	\N	/opt/PV6.0.1/data/nmr/20180515_110242_CFMM_Maintenance_Gilbert_20180515_NHPArray_1_10/19/pdata/1	\N	\N	spatial spatial	40	2018-05-15 13:18:05.962	\N	1	MR	f	t	t	ACQ_BRUKER_PVM	3509413
3509408	2018-05-15 12:59:50.14	f	2018-05-15 15:11:59.494	\N	mprage	231062	\N	/opt/PV6.0.1/data/nmr/20180515_110242_CFMM_Maintenance_Gilbert_20180515_NHPArray_1_10/18/pdata/1	\N	\N	spatial spatial spatial	72	2018-05-15 13:13:26.959	\N	1	MR	f	t	t	ACQ_BRUKER_PVM	3509407
3509422	2018-05-15 13:15:41.747	f	2018-05-15 15:11:59.494	\N		231066	\N	/opt/PV6.0.1/data/nmr/20180515_110242_CFMM_Maintenance_Gilbert_20180515_NHPArray_1_10/20/pdata/2	\N	\N	spatial spatial	30	2018-05-15 13:24:07.899	\N	2	MR	f	t	t	ACQ_BRUKER_PVM	3509419
3509424	2018-05-15 13:15:41.748	f	2018-05-15 15:11:59.494	\N		\N	\N	/opt/PV6.0.1/data/nmr/20180515_110242_CFMM_Maintenance_Gilbert_20180515_NHPArray_1_10/20/pdata/3	\N	\N		\N	\N	\N	3	MR	f	f	f		3509419
3509436	2018-05-15 13:26:10.438	f	2018-05-15 15:11:59.494	\N	ep2d_p2_LR	231074	\N	/opt/PV6.0.1/data/nmr/20180515_110242_CFMM_Maintenance_Gilbert_20180515_NHPArray_1_10/22/pdata/1	\N	\N	spatial spatial	21	2018-05-15 13:28:19.321	\N	1	MR	f	t	t	ACQ_BRUKER_PVM	3509435
3509466	2018-05-15 13:46:08.749	f	2018-05-15 15:11:59.494	\N	ep2d_p2_RC_500iso	231075	\N	/opt/PV6.0.1/data/nmr/20180515_110242_CFMM_Maintenance_Gilbert_20180515_NHPArray_1_10/27/pdata/1	\N	\N	spatial spatial	9000	2018-05-15 13:59:03.963	\N	1	MR	f	t	t	ACQ_BRUKER_PVM	3509465
3509472	2018-05-15 13:53:59.182	f	2018-05-15 15:11:59.494	\N	fl2d_t2star	231076	\N	/opt/PV6.0.1/data/nmr/20180515_110242_CFMM_Maintenance_Gilbert_20180515_NHPArray_1_10/28/pdata/1	\N	\N	spatial spatial	40	2018-05-15 14:06:05.81	\N	1	MR	f	t	t	ACQ_BRUKER_PVM	3509471
3509420	2018-05-15 13:15:41.473	f	2018-05-15 15:11:59.494	\N		231052	\N	/opt/PV6.0.1/data/nmr/20180515_110242_CFMM_Maintenance_Gilbert_20180515_NHPArray_1_10/20/pdata/1	\N	\N	spatial spatial	30	2018-05-15 13:24:03.837	\N	1	MR	f	t	t	ACQ_BRUKER_PVM	3509419
3509430	2018-05-15 13:19:21.267	f	2018-05-15 15:11:59.494	\N		231063	\N	/opt/PV6.0.1/data/nmr/20180515_110242_CFMM_Maintenance_Gilbert_20180515_NHPArray_1_10/21/pdata/1	\N	\N	spatial spatial	21	2018-05-15 13:25:12.008	\N	1	MR	f	t	t	ACQ_BRUKER_PVM	3509429
3509448	2018-05-15 13:31:46.737	f	2018-05-15 15:11:59.494	\N	ep2d_p2_RC	231077	\N	/opt/PV6.0.1/data/nmr/20180515_110242_CFMM_Maintenance_Gilbert_20180515_NHPArray_1_10/24/pdata/1	\N	\N	spatial spatial	21	2018-05-15 13:37:00.67	\N	1	MR	f	t	t	ACQ_BRUKER_PVM	3509447
3509460	2018-05-15 13:43:04.01	f	2018-05-15 15:11:59.494	\N	fl2d_t2star	231078	\N	/opt/PV6.0.1/data/nmr/20180515_110242_CFMM_Maintenance_Gilbert_20180515_NHPArray_1_10/26/pdata/1	\N	\N	spatial spatial	40	2018-05-15 13:52:37.558	\N	1	MR	f	t	t	ACQ_BRUKER_PVM	3509459
3509479	2018-05-15 14:02:00.995	f	2018-05-15 15:11:59.494	\N	ep2d_diff_p2_30dir	231079	\N	/opt/PV6.0.1/data/nmr/20180515_110242_CFMM_Maintenance_Gilbert_20180515_NHPArray_1_10/29/pdata/1	\N	\N	spatial spatial	1400	2018-05-15 14:11:39.934	\N	1	MR	f	t	t	ACQ_BRUKER_PVM	3509478
3509442	2018-05-15 13:28:29.939	f	2018-05-15 15:11:59.494	\N	fl2d_t2star	231071	\N	/opt/PV6.0.1/data/nmr/20180515_110242_CFMM_Maintenance_Gilbert_20180515_NHPArray_1_10/23/pdata/1	\N	\N	spatial spatial	30	2018-05-15 13:35:54.641	\N	1	MR	f	t	t	ACQ_BRUKER_PVM	3509441
3509454	2018-05-15 13:38:01.818	f	2018-05-15 15:11:59.494	\N	ep2d_p2_RC_500iso	231072	\N	/opt/PV6.0.1/data/nmr/20180515_110242_CFMM_Maintenance_Gilbert_20180515_NHPArray_1_10/25/pdata/1	\N	\N	spatial spatial	30	2018-05-15 13:40:40.931	\N	1	MR	f	t	t	ACQ_BRUKER_PVM	3509453
3509518	2018-05-15 14:30:14.017	f	2018-05-15 15:11:59.494	\N	2DFLASH_Cor_Noise	231064	\N	/opt/PV6.0.1/data/nmr/20180515_110242_CFMM_Maintenance_Gilbert_20180515_NHPArray_1_10/15/pdata/2	\N	\N	spatial spatial	16	2018-05-15 14:30:25.618	\N	2	MR	f	t	t	ACQ_BRUKER_PVM	3509385
3509514	2018-05-15 14:29:27.981	f	2018-05-15 15:11:59.494	\N	2DFLASH_Multislice_Noise	231067	\N	/opt/PV6.0.1/data/nmr/20180515_110242_CFMM_Maintenance_Gilbert_20180515_NHPArray_1_10/13/pdata/2	\N	\N	spatial spatial	320	2018-05-15 14:29:39.116	\N	2	MR	f	t	t	ACQ_BRUKER_PVM	3509373
3509516	2018-05-15 14:29:45.128	f	2018-05-15 15:11:59.494	\N	2DFLASH_Cor_Signal	231068	\N	/opt/PV6.0.1/data/nmr/20180515_110242_CFMM_Maintenance_Gilbert_20180515_NHPArray_1_10/14/pdata/2	\N	\N	spatial spatial	16	2018-05-15 14:29:54.391	\N	2	MR	f	t	t	ACQ_BRUKER_PVM	3509379
3509512	2018-05-15 14:29:00.186	f	2018-05-15 15:11:59.494	\N	2DFLASH_Multislice_Signal	231069	\N	/opt/PV6.0.1/data/nmr/20180515_110242_CFMM_Maintenance_Gilbert_20180515_NHPArray_1_10/12/pdata/2	\N	\N	spatial spatial	320	2018-05-15 14:29:19.338	\N	2	MR	f	t	t	ACQ_BRUKER_PVM	3509367
3509494	2018-05-15 14:11:49.552	f	2018-05-15 15:11:59.494	\N	Generated Diffusion Tensor Images	231081	2018-05-15 15:02:52.621	/opt/PV6.0.1/data/nmr/20180515_110242_CFMM_Maintenance_Gilbert_20180515_NHPArray_1_10/29/pdata/2	\N	\N	spatial spatial	880	2018-05-15 14:11:49.417	\N	2	MR	f	t	t	DERIVED_DTI	3509478
3509562	2018-05-15 15:10:38.441	f	2018-05-15 15:11:59.494	\N		\N	\N	/opt/PV6.0.1/data/nmr/20180515_110242_CFMM_Maintenance_Gilbert_20180515_NHPArray_1_10/35/pdata/1	\N	\N		\N	\N	\N	1	MR	f	f	f		3509561
3509299	2018-05-15 11:02:42.208	f	2018-05-15 15:11:59.477	\N		231053	2018-05-15 12:22:49.167	/opt/PV6.0.1/data/nmr/20180515_110242_CFMM_Maintenance_Gilbert_20180515_NHPArray_1_10/1/pdata/1	\N	\N	spatial spatial	3	2018-05-15 12:22:46.028	\N	1	MR	f	t	t	ACQ_BRUKER_PVM	3509298
3509374	2018-05-15 12:44:45.999	f	2018-05-15 15:11:59.494	\N	2DFLASH_Multislice_Noise	231054	\N	/opt/PV6.0.1/data/nmr/20180515_110242_CFMM_Maintenance_Gilbert_20180515_NHPArray_1_10/13/pdata/1	\N	\N	spatial spatial	20	2018-05-15 12:45:47.88	\N	1	MR	f	t	t	ACQ_BRUKER_PVM	3509373
3509386	2018-05-15 12:46:59.027	f	2018-05-15 15:11:59.494	\N	2DFLASH_Cor_Noise	231055	\N	/opt/PV6.0.1/data/nmr/20180515_110242_CFMM_Maintenance_Gilbert_20180515_NHPArray_1_10/15/pdata/1	\N	\N	spatial spatial	1	2018-05-15 12:47:45.039	\N	1	MR	f	t	t	ACQ_BRUKER_PVM	3509385
3509368	2018-05-15 12:44:08.023	f	2018-05-15 15:11:59.494	\N	2DFLASH_Multislice_Signal	231056	\N	/opt/PV6.0.1/data/nmr/20180515_110242_CFMM_Maintenance_Gilbert_20180515_NHPArray_1_10/12/pdata/1	\N	\N	spatial spatial	20	2018-05-15 12:45:08.649	\N	1	MR	f	t	t	ACQ_BRUKER_PVM	3509367
3509380	2018-05-15 12:45:29.844	f	2018-05-15 15:11:59.494	\N	2DFLASH_Cor_Signal	231058	\N	/opt/PV6.0.1/data/nmr/20180515_110242_CFMM_Maintenance_Gilbert_20180515_NHPArray_1_10/14/pdata/1	\N	\N	spatial spatial	1	2018-05-15 12:46:24.504	\N	1	MR	f	t	t	ACQ_BRUKER_PVM	3509379
3509356	2018-05-15 12:38:21.019	f	2018-05-15 15:11:59.494	\N	EPI_Noise	231059	\N	/opt/PV6.0.1/data/nmr/20180515_110242_CFMM_Maintenance_Gilbert_20180515_NHPArray_1_10/10/pdata/1	\N	\N	spatial spatial	4000	2018-05-15 12:44:15.177	\N	1	MR	f	t	t	ACQ_BRUKER_PVM	3509355
3509392	2018-05-15 12:49:57.86	f	2018-05-15 15:11:59.494	\N		231060	\N	/opt/PV6.0.1/data/nmr/20180515_110242_CFMM_Maintenance_Gilbert_20180515_NHPArray_1_10/16/pdata/1	\N	\N	spatial spatial	29	2018-05-15 12:56:41.481	\N	1	MR	f	t	t	ACQ_BRUKER_PVM	3509391
3509344	2018-05-15 12:35:37.377	f	2018-05-15 15:11:59.494	\N	SINGLEPULSE_1MHz_Noise	\N	\N	/opt/PV6.0.1/data/nmr/20180515_110242_CFMM_Maintenance_Gilbert_20180515_NHPArray_1_10/8/pdata/1	\N	\N	spectroscopic	\N	2018-05-15 12:36:15.138	\N	1	MR	f	t	t	ACQ_BRUKER_PVM	3509343
3509338	2018-05-15 12:34:46.73	f	2018-05-15 15:11:59.494	\N	SINGLEPULSE_1MHz	\N	\N	/opt/PV6.0.1/data/nmr/20180515_110242_CFMM_Maintenance_Gilbert_20180515_NHPArray_1_10/7/pdata/1	\N	\N	spectroscopic	\N	2018-05-15 12:35:56.399	\N	1	MR	f	t	t	ACQ_BRUKER_PVM	3509337
3509398	2018-05-15 12:52:22.993	f	2018-05-15 15:11:59.494	\N		231061	\N	/opt/PV6.0.1/data/nmr/20180515_110242_CFMM_Maintenance_Gilbert_20180515_NHPArray_1_10/17/pdata/1	\N	\N	spatial spatial	27	2018-05-15 13:00:46.46	\N	1	MR	f	t	t	ACQ_BRUKER_PVM	3509397
3509400	2018-05-15 12:57:35.836	f	2018-05-15 15:11:59.494	\N		231065	\N	/opt/PV6.0.1/data/nmr/20180515_110242_CFMM_Maintenance_Gilbert_20180515_NHPArray_1_10/16/pdata/2	\N	\N	spatial spatial	29	2018-05-15 12:57:40.56	\N	2	MR	f	t	t	ACQ_BRUKER_PVM	3509391
3509329	2018-05-15 12:29:17.129	f	2018-05-15 15:11:59.491	\N		231073	\N	/opt/PV6.0.1/data/nmr/20180515_110242_CFMM_Maintenance_Gilbert_20180515_NHPArray_1_10/5/pdata/1	\N	\N	spatial spatial spatial	64	2018-05-15 12:29:14.424	\N	1	MR	f	t	t	ACQ_BRUKER_PVM	3509328
3509332	2018-05-15 12:33:00.204	f	2018-05-15 15:11:59.494	\N		231082	\N	/opt/PV6.0.1/data/nmr/20180515_110242_CFMM_Maintenance_Gilbert_20180515_NHPArray_1_10/6/pdata/1	\N	\N	spatial spatial spatial	64	2018-05-15 12:32:57.411	\N	1	MR	f	t	t	ACQ_BRUKER_PVM	3509331
4590659	2018-06-18 13:27:30.535	f	2018-06-18 16:28:30.188	\N		310175	\N	/opt/PV6.0.1/data/nmr/20180618_131800_CEST_Bartha_CEST94T_AgarPhantom_20180618_01_1_1/2/pdata/1	\N	\N	spatial spatial	1	2018-06-18 13:33:20.813	\N	1	MR	f	t	t	ACQ_BRUKER_PVM	4590658
4590777	2018-06-18 15:16:49.143	f	2018-06-18 16:28:30.191	\N		310192	\N	/opt/PV6.0.1/data/nmr/20180618_131800_CEST_Bartha_CEST94T_AgarPhantom_20180618_01_1_1/3/pdata/2	\N	\N	spatial spatial spatial	64	2018-06-18 15:16:55.22	\N	2	MR	f	t	t	ACQ_BRUKER_PVM	4590661
4590650	2018-06-18 13:18:00.617	f	2018-06-18 16:28:30.242	\N		310193	2018-06-18 13:20:45.726	/opt/PV6.0.1/data/nmr/20180618_131800_CEST_Bartha_CEST94T_AgarPhantom_20180618_01_1_1/1/pdata/1	\N	\N	spatial spatial	3	2018-06-18 13:20:42.33	\N	1	MR	f	t	t	ACQ_BRUKER_PVM	4590649
4590722	2018-06-18 14:19:38.453	f	2018-06-18 16:28:30.191	\N		310177	\N	/opt/PV6.0.1/data/nmr/20180618_131800_CEST_Bartha_CEST94T_AgarPhantom_20180618_01_1_1/12/pdata/1	\N	\N	spatial spatial	49	2018-06-18 14:27:18.35	\N	1	MR	f	t	t	ACQ_USER_PVM	4590721
4590662	2018-06-18 13:29:17.763	f	2018-06-18 16:28:30.191	\N		310191	\N	/opt/PV6.0.1/data/nmr/20180618_131800_CEST_Bartha_CEST94T_AgarPhantom_20180618_01_1_1/3/pdata/1	\N	\N	spatial spatial spatial	64	2018-06-18 13:29:15.041	\N	1	MR	f	t	t	ACQ_BRUKER_PVM	4590661
4590750	2018-06-18 14:30:32.946	f	2018-06-18 16:28:30.191	\N		310178	\N	/opt/PV6.0.1/data/nmr/20180618_131800_CEST_Bartha_CEST94T_AgarPhantom_20180618_01_1_1/16/pdata/1	\N	\N	spatial spatial	41	2018-06-18 14:38:38.227	\N	1	MR	f	t	t	ACQ_USER_PVM	4590749
4590756	2018-06-18 14:31:09.306	f	2018-06-18 16:28:30.191	\N		310179	\N	/opt/PV6.0.1/data/nmr/20180618_131800_CEST_Bartha_CEST94T_AgarPhantom_20180618_01_1_1/17/pdata/1	\N	\N	spatial spatial	49	2018-06-18 14:44:14.961	\N	1	MR	f	t	t	ACQ_USER_PVM	4590755
4590686	2018-06-18 13:53:32.292	f	2018-06-18 16:28:30.191	\N	MT_EPI_FullCEST	310180	\N	/opt/PV6.0.1/data/nmr/20180618_131800_CEST_Bartha_CEST94T_AgarPhantom_20180618_01_1_1/7/pdata/1	\N	\N	spatial spatial	49	2018-06-18 14:00:31.26	\N	1	MR	f	t	t	ACQ_USER_PVM	4590685
4590789	2018-06-18 15:34:17.917	f	2018-06-18 16:28:30.191	\N	MT_EPI_CEST_49steps_Cor	310181	\N	/opt/PV6.0.1/data/nmr/20180618_131800_CEST_Bartha_CEST94T_AgarPhantom_20180618_01_1_1/20/pdata/1	\N	\N	spatial spatial	49	2018-06-18 15:41:18.896	\N	1	MR	f	t	t	ACQ_USER_PVM	4590788
4590728	2018-06-18 14:22:29.987	f	2018-06-18 16:28:30.191	\N		310182	\N	/opt/PV6.0.1/data/nmr/20180618_131800_CEST_Bartha_CEST94T_AgarPhantom_20180618_01_1_1/13/pdata/1	\N	\N	spatial spatial	41	2018-06-18 14:30:19.736	\N	1	MR	f	t	t	ACQ_USER_PVM	4590727
4590744	2018-06-18 14:27:13.078	f	2018-06-18 16:28:30.191	\N		310183	\N	/opt/PV6.0.1/data/nmr/20180618_131800_CEST_Bartha_CEST94T_AgarPhantom_20180618_01_1_1/15/pdata/1	\N	\N	spatial spatial	49	2018-06-18 14:35:55.821	\N	1	MR	f	t	t	ACQ_USER_PVM	4590743
4590692	2018-06-18 14:02:45.237	f	2018-06-18 16:28:30.191	\N		310184	\N	/opt/PV6.0.1/data/nmr/20180618_131800_CEST_Bartha_CEST94T_AgarPhantom_20180618_01_1_1/8/pdata/1	\N	\N	spatial spatial	49	2018-06-18 14:08:42.968	\N	1	MR	f	t	t	ACQ_USER_PVM	4590691
4590796	2018-06-18 15:45:11.061	f	2018-06-18 16:28:30.191	\N		310185	\N	/opt/PV6.0.1/data/nmr/20180618_131800_CEST_Bartha_CEST94T_AgarPhantom_20180618_01_1_1/21/pdata/1	\N	\N	spatial spatial	49	2018-06-18 15:51:44.928	\N	1	MR	f	t	t	ACQ_USER_PVM	4590795
4590803	2018-06-18 15:46:55.467	f	2018-06-18 16:28:30.191	\N	MT_EPI_CEST_49steps_4A	310186	\N	/opt/PV6.0.1/data/nmr/20180618_131800_CEST_Bartha_CEST94T_AgarPhantom_20180618_01_1_1/22/pdata/1	\N	\N	spatial spatial	49	2018-06-18 16:02:16.51	\N	1	MR	f	t	t	ACQ_USER_PVM	4590802
4590810	2018-06-18 16:03:52.585	f	2018-06-18 16:28:30.191	\N		310187	\N	/opt/PV6.0.1/data/nmr/20180618_131800_CEST_Bartha_CEST94T_AgarPhantom_20180618_01_1_1/23/pdata/1	\N	\N	spatial spatial	2	2018-06-18 16:10:16.215	\N	1	MR	f	t	t	ACQ_USER_PVM	4590809
4590818	2018-06-18 16:11:35.208	f	2018-06-18 16:28:30.191	\N		310188	\N	/opt/PV6.0.1/data/nmr/20180618_131800_CEST_Bartha_CEST94T_AgarPhantom_20180618_01_1_1/24/pdata/1	\N	\N	spatial spatial	4	2018-06-18 16:15:06.174	\N	1	MR	f	t	t	ACQ_USER_PVM	4590817
4590824	2018-06-18 16:16:26.21	f	2018-06-18 16:28:30.191	\N		310189	\N	/opt/PV6.0.1/data/nmr/20180618_131800_CEST_Bartha_CEST94T_AgarPhantom_20180618_01_1_1/25/pdata/1	\N	\N	spatial spatial	7	2018-06-18 16:21:09.803	\N	1	MR	f	t	t	ACQ_USER_PVM	4590823
4590830	2018-06-18 16:21:26.549	f	2018-06-18 16:28:30.191	\N		310190	\N	/opt/PV6.0.1/data/nmr/20180618_131800_CEST_Bartha_CEST94T_AgarPhantom_20180618_01_1_1/26/pdata/1	\N	\N	spatial spatial	11	2018-06-18 16:25:23.882	\N	1	MR	f	t	t	ACQ_USER_PVM	4590829
8817716	2018-10-02 09:18:03.79	f	2018-10-02 13:15:37.955	\N		600143	2018-10-02 09:44:24.618	/opt/PV6.0.1/data/nmr/20181002_091803_rs_fMRI_Everling_Rats_Rat5_20181002_01_1_1/1/pdata/1	\N	\N	spatial spatial	3	2018-10-02 09:44:21.678	\N	1	MR	f	t	t	ACQ_BRUKER_PVM	8817715
8817722	2018-10-02 09:18:04.069	f	2018-10-02 13:15:37.963	\N		\N	\N	/opt/PV6.0.1/data/nmr/20181002_091803_rs_fMRI_Everling_Rats_Rat5_20181002_01_1_1/2/pdata/1	\N	\N		\N	\N	\N	1	MR	f	f	f		8817721
8817752	2018-10-02 09:18:04.911	f	2018-10-02 13:15:37.963	\N	T2star_rsFMRI_iso400Test	600145	\N	/opt/PV6.0.1/data/nmr/20181002_091803_rs_fMRI_Everling_Rats_Rat5_20181002_01_1_1/7/pdata/1	\N	\N	spatial spatial	35	2018-10-02 10:40:20.318	\N	1	MR	f	t	t	ACQ_BRUKER_PVM	8817751
8817734	2018-10-02 09:18:04.418	f	2018-10-02 13:15:37.963	\N		600144	\N	/opt/PV6.0.1/data/nmr/20181002_091803_rs_fMRI_Everling_Rats_Rat5_20181002_01_1_1/4/pdata/1	\N	\N	spatial spatial	45	2018-10-02 10:05:37.22	\N	1	MR	f	t	t	ACQ_BRUKER_PVM	8817733
8817728	2018-10-02 09:18:04.228	f	2018-10-02 13:15:37.963	\N		600146	\N	/opt/PV6.0.1/data/nmr/20181002_091803_rs_fMRI_Everling_Rats_Rat5_20181002_01_1_1/3/pdata/1	\N	\N	spatial spatial	35	2018-10-02 10:37:42.515	\N	1	MR	f	t	t	ACQ_BRUKER_PVM	8817727
8817746	2018-10-02 09:18:04.758	f	2018-10-02 13:15:37.963	\N		600147	\N	/opt/PV6.0.1/data/nmr/20181002_091803_rs_fMRI_Everling_Rats_Rat5_20181002_01_1_1/6/pdata/1	\N	\N	spatial spatial spatial	64	2018-10-02 10:29:12.813	\N	1	MR	f	t	t	ACQ_USER_PVM	8817745
8817877	2018-10-02 12:38:29.674	f	2018-10-02 13:15:37.963	\N		\N	\N	/opt/PV6.0.1/data/nmr/20181002_091803_rs_fMRI_Everling_Rats_Rat5_20181002_01_1_1/25/pdata/1	\N	\N		\N	\N	\N	1	MR	f	f	f		8817876
8817784	2018-10-02 09:46:26.408	f	2018-10-02 13:15:37.963	\N		600148	2018-10-02 09:48:25.438	/opt/PV6.0.1/data/nmr/20181002_091803_rs_fMRI_Everling_Rats_Rat5_20181002_01_1_1/11/pdata/1	\N	\N	spatial spatial	3	2018-10-02 09:48:22.409	\N	1	MR	f	t	t	ACQ_BRUKER_PVM	8817783
8817776	2018-10-02 09:42:28.905	f	2018-10-02 13:15:37.963	\N		600149	2018-10-02 09:46:59.945	/opt/PV6.0.1/data/nmr/20181002_091803_rs_fMRI_Everling_Rats_Rat5_20181002_01_1_1/10/pdata/1	\N	\N	spatial spatial	3	2018-10-02 09:46:56.888	\N	1	MR	f	t	t	ACQ_BRUKER_PVM	8817775
8817792	2018-10-02 09:47:51.864	f	2018-10-02 13:15:38.087	\N		600163	2018-10-02 09:50:08.255	/opt/PV6.0.1/data/nmr/20181002_091803_rs_fMRI_Everling_Rats_Rat5_20181002_01_1_1/12/pdata/1	\N	\N	spatial spatial	3	2018-10-02 09:50:05.297	\N	1	MR	f	t	t	ACQ_BRUKER_PVM	8817791
8817841	2018-10-02 11:17:21.353	f	2018-10-02 13:15:37.963	\N	T2star_rsFMRI_iso400_600V_Run4	600151	\N	/opt/PV6.0.1/data/nmr/20181002_091803_rs_fMRI_Everling_Rats_Rat5_20181002_01_1_1/19/pdata/1	\N	\N	spatial spatial	21000	2018-10-02 11:52:46.458	\N	1	MR	f	t	t	ACQ_BRUKER_PVM	8817840
8817865	2018-10-02 12:30:48.491	f	2018-10-02 13:15:37.963	\N	FLASH2D_TestNoTi	600153	\N	/opt/PV6.0.1/data/nmr/20181002_091803_rs_fMRI_Everling_Rats_Rat5_20181002_01_1_1/23/pdata/1	\N	\N	spatial spatial	15	2018-10-02 12:41:04.952	\N	1	MR	f	t	t	ACQ_BRUKER_PVM	8817864
8817835	2018-10-02 10:59:46.828	f	2018-10-02 13:15:37.963	\N	T2star_rsFMRI_iso400_600V_Run3	600154	\N	/opt/PV6.0.1/data/nmr/20181002_091803_rs_fMRI_Everling_Rats_Rat5_20181002_01_1_1/18/pdata/1	\N	\N	spatial spatial	21000	2018-10-02 11:33:28.795	\N	1	MR	f	t	t	ACQ_BRUKER_PVM	8817834
8817828	2018-10-02 10:42:25.705	f	2018-10-02 13:15:37.963	\N	T2star_rsFMRI_iso400_600V_Run2	600155	\N	/opt/PV6.0.1/data/nmr/20181002_091803_rs_fMRI_Everling_Rats_Rat5_20181002_01_1_1/17/pdata/1	\N	\N	spatial spatial	21000	2018-10-02 11:15:53.259	\N	1	MR	f	t	t	ACQ_BRUKER_PVM	8817827
8817847	2018-10-02 11:36:41.477	f	2018-10-02 13:15:37.963	\N	T2star_rsFMRI_iso400_600V_Run5	600156	\N	/opt/PV6.0.1/data/nmr/20181002_091803_rs_fMRI_Everling_Rats_Rat5_20181002_01_1_1/20/pdata/1	\N	\N	spatial spatial	21000	2018-10-02 12:11:56.115	\N	1	MR	f	t	t	ACQ_BRUKER_PVM	8817846
8817806	2018-10-02 10:31:34.247	f	2018-10-02 13:15:37.963	\N		600159	\N	/opt/PV6.0.1/data/nmr/20181002_091803_rs_fMRI_Everling_Rats_Rat5_20181002_01_1_1/6/pdata/2	\N	\N	spatial spatial spatial	128	2018-10-02 10:31:40.257	\N	2	MR	f	t	t	ACQ_USER_PVM	8817745
8817808	2018-10-02 10:31:46.825	f	2018-10-02 13:15:37.963	\N		600160	\N	/opt/PV6.0.1/data/nmr/20181002_091803_rs_fMRI_Everling_Rats_Rat5_20181002_01_1_1/6/pdata/3	\N	\N	spatial spatial spatial	64	2018-10-02 10:31:55.899	\N	3	MR	f	t	t	ACQ_USER_PVM	8817745
8817810	2018-10-02 10:32:06.496	f	2018-10-02 13:15:37.963	\N		600161	\N	/opt/PV6.0.1/data/nmr/20181002_091803_rs_fMRI_Everling_Rats_Rat5_20181002_01_1_1/6/pdata/4	\N	\N	spatial spatial spatial	64	2018-10-02 10:32:13.989	\N	4	MR	f	t	t	ACQ_USER_PVM	8817745
8817758	2018-10-02 09:18:05.193	f	2018-10-02 13:15:37.963	\N		\N	\N	/opt/PV6.0.1/data/nmr/20181002_091803_rs_fMRI_Everling_Rats_Rat5_20181002_01_1_1/8/pdata/1	\N	\N		\N	\N	\N	1	MR	f	f	f		8817757
8817804	2018-10-02 09:52:00.851	f	2018-10-02 13:15:37.963	\N		600162	\N	/opt/PV6.0.1/data/nmr/20181002_091803_rs_fMRI_Everling_Rats_Rat5_20181002_01_1_1/14/pdata/1	\N	\N	spatial spatial spatial	64	2018-10-02 09:51:58.157	\N	1	MR	f	t	t	ACQ_BRUKER_PVM	8817803
8817871	2018-10-02 12:37:50.47	f	2018-10-02 13:15:37.963	\N		\N	\N	/opt/PV6.0.1/data/nmr/20181002_091803_rs_fMRI_Everling_Rats_Rat5_20181002_01_1_1/24/pdata/1	\N	\N		\N	\N	\N	1	MR	f	f	f		8817870
8817859	2018-10-02 12:26:54.29	f	2018-10-02 13:15:37.963	\N	FLASH2D_TestTi1s	600150	\N	/opt/PV6.0.1/data/nmr/20181002_091803_rs_fMRI_Everling_Rats_Rat5_20181002_01_1_1/22/pdata/1	\N	\N	spatial spatial	15	2018-10-02 12:35:51.269	\N	1	MR	f	t	t	ACQ_BRUKER_PVM	8817858
8817822	2018-10-02 10:38:47.405	f	2018-10-02 13:15:37.963	\N	T2star_rsFMRI_iso400_600V_Run1	600157	\N	/opt/PV6.0.1/data/nmr/20181002_091803_rs_fMRI_Everling_Rats_Rat5_20181002_01_1_1/16/pdata/1	\N	\N	spatial spatial	21000	2018-10-02 10:58:29.961	\N	1	MR	f	t	t	ACQ_BRUKER_PVM	8817821
8817853	2018-10-02 11:55:51.56	f	2018-10-02 13:15:37.963	\N	T2star_rsFMRI_iso400_600V_Run6	600158	\N	/opt/PV6.0.1/data/nmr/20181002_091803_rs_fMRI_Everling_Rats_Rat5_20181002_01_1_1/21/pdata/1	\N	\N	spatial spatial	21000	2018-10-02 12:29:33.614	\N	1	MR	f	t	t	ACQ_BRUKER_PVM	8817852
\.
COPY scaninstructionentity (id, creationdate, favorite, modificationdate, displayname, duration, index, status, statusmessage, userinputapplied, userinputneeded, userstartneeded, scanprogramentity_id, adjpercentcompleted, individualsetupstepkeysstring, ondemandsetupstepkey, performprocessings, prototypemode, recopercentcompleted, scanmode, scanpercentcompleted, scaninstructionprotocolentity_id) FROM stdin;
3509372	2018-05-15 12:44:45.987	f	2018-05-15 15:11:59.171	2DFLASH_Multislice_Noise (E13)	24000	7	SUCCEEDED	\N	t	t	f	3509301	0	gop	\N	t	f	100	INDIVIDUAL_SETUP	100	3509370
3509458	2018-05-15 13:43:03.939	f	2018-05-15 15:11:59.207	fl2d_t2star (E26)	384000	20	SUCCEEDED	\N	t	t	f	3509301	100	\N	\N	t	f	100	AUTOMATIC_SETUP	100	3509456
3509384	2018-05-15 12:46:59.01	f	2018-05-15 15:11:59.171	2DFLASH_Cor_Noise (E15)	9600	9	SUCCEEDED	\N	t	t	f	3509301	0	gop	\N	t	f	100	INDIVIDUAL_SETUP	100	3509382
3509464	2018-05-15 13:46:08.68	f	2018-05-15 15:11:59.207	ep2d_p2_RC_500iso (E27)	300000	21	SUCCEEDED	\N	t	t	f	3509301	100	\N	\N	t	f	100	AUTOMATIC_SETUP	100	3509462
3509378	2018-05-15 12:45:29.832	f	2018-05-16 12:27:56.16	2DFLASH_Cor_Signal (E14)	9600	8	SUCCEEDED	\N	t	t	f	3509301	0	gop	\N	t	f	100	INDIVIDUAL_SETUP	100	3509376
3509396	2018-05-15 12:52:22.978	f	2018-05-15 15:11:59.172	T2_TurboRARE (E17)	192000	11	SUCCEEDED	\N	t	t	f	3509301	100	\N	\N	t	f	100	AUTOMATIC_SETUP	100	3509394
3509390	2018-05-15 12:49:57.844	f	2018-05-15 15:11:59.171	SWI_FLASH (E16)	256000	10	SUCCEEDED	\N	t	t	f	3509301	100	\N	\N	t	f	100	AUTOMATIC_SETUP	100	3509388
3509470	2018-05-15 13:53:59.097	f	2018-05-15 15:11:59.207	fl2d_t2star (E28)	384000	22	SUCCEEDED	\N	t	t	f	3509301	100	\N	\N	t	f	100	AUTOMATIC_SETUP	100	3509468
3509297	2018-05-15 11:02:42.189	f	2018-05-15 15:11:59.163	1_Localizer (E1)	12800	0	SUCCEEDED	\N	t	t	f	3509301	100	\N	\N	t	f	100	AUTOMATIC_SETUP	100	3509294
3509354	2018-05-15 12:38:21.005	f	2018-05-15 15:11:59.165	EPI_Noise (E10)	300000	5	SUCCEEDED	\N	t	t	f	3509301	0	gop	\N	t	f	100	INDIVIDUAL_SETUP	100	3509352
3509406	2018-05-15 12:59:50.125	f	2018-05-15 15:11:59.172	mprage (E18)	810000	12	SUCCEEDED	\N	t	t	f	3509301	100	\N	\N	t	f	100	AUTOMATIC_SETUP	100	3509404
3509477	2018-05-15 14:02:00.973	f	2018-05-15 15:11:59.212	ep2d_diff_p2_30dir (E29)	157500	23	SUCCEEDED	\N	t	t	f	3509301	100	\N	\N	t	f	100	AUTOMATIC_SETUP	100	3509474
3509348	2018-05-15 12:36:25.483	f	2018-05-15 15:11:59.164	rpAFI (E9)	122880	4	SUCCEEDED	\N	t	t	f	3509301	100	\N	\N	t	f	100	AUTOMATIC_SETUP	100	3509346
3509412	2018-05-15 13:07:00.928	f	2018-05-15 15:11:59.172	T2_TurboRARE_p2_highRes (E19)	231000	13	SUCCEEDED	\N	t	t	f	3509301	100	\N	\N	t	f	100	AUTOMATIC_SETUP	100	3509410
3509418	2018-05-15 13:15:41.426	f	2018-05-15 15:11:59.204	SWI_FLASH (E20)	320000	14	SUCCEEDED	\N	t	t	f	3509301	100	\N	\N	t	f	100	AUTOMATIC_SETUP	100	3509416
3509315	2018-05-15 12:25:55.852	f	2018-05-15 15:11:59.163	1_Localizer (E3)	12800	1	SUCCEEDED	\N	t	t	f	3509301	100	\N	\N	t	f	100	AUTOMATIC_SETUP	100	3509312
3509428	2018-05-15 13:19:21.246	f	2018-05-15 15:11:59.204	T2star_FID_EPI (E21)	1000	15	SUCCEEDED	\N	t	t	f	3509301	100	\N	\N	t	f	100	AUTOMATIC_SETUP	100	3509426
3509498	2018-05-15 14:13:42.115	f	2018-05-15 15:11:59.231	multi_echo_gre_t2star_map (E32)	288000	24	SUCCEEDED	\N	t	t	f	3509301	100	\N	\N	t	f	100	AUTOMATIC_SETUP	100	3509495
3509336	2018-05-15 12:34:46.72	f	2018-05-15 15:11:59.164	SINGLEPULSE_1MHz (E7)	1000	2	SUCCEEDED	\N	t	t	f	3509301	100	\N	\N	t	f	100	AUTOMATIC_SETUP	100	3509334
3509434	2018-05-15 13:26:10.419	f	2018-05-15 15:11:59.207	ep2d_p2_LR (E22)	1000	16	SUCCEEDED	\N	t	t	f	3509301	100	\N	\N	t	f	100	AUTOMATIC_SETUP	100	3509432
3509560	2018-05-15 15:10:38.347	f	2018-05-15 15:11:59.443	ep2d_p2_RC_500iso (E35)	300000	25	UNUSED	\N	f	t	f	3509301	0	\N	\N	t	f	0	AUTOMATIC_SETUP	0	3509558
3509342	2018-05-15 12:35:37.366	f	2018-05-15 15:11:59.164	SINGLEPULSE_1MHz_Noise (E8)	1000	3	SUCCEEDED	\N	t	t	f	3509301	0	gop	\N	t	f	100	INDIVIDUAL_SETUP	100	3509340
3509440	2018-05-15 13:28:29.918	f	2018-05-15 15:11:59.207	fl2d_t2star (E23)	270000	17	SUCCEEDED	\N	t	t	f	3509301	100	\N	\N	t	f	100	AUTOMATIC_SETUP	100	3509438
3509446	2018-05-15 13:31:46.669	f	2018-05-15 15:11:59.207	ep2d_p2_RC (E24)	1000	18	SUCCEEDED	\N	t	t	f	3509301	100	\N	\N	t	f	100	AUTOMATIC_SETUP	100	3509444
3509366	2018-05-15 12:44:07.998	f	2018-05-15 15:11:59.17	2DFLASH_Multislice_Signal (E12)	24000	6	SUCCEEDED	\N	t	t	f	3509301	0	gop	\N	t	f	100	INDIVIDUAL_SETUP	100	3509364
3509452	2018-05-15 13:38:01.801	f	2018-05-15 15:11:59.207	ep2d_p2_RC_500iso (E25)	1000	19	SUCCEEDED	\N	t	t	f	3509301	100	\N	\N	t	f	100	AUTOMATIC_SETUP	100	3509450
4590648	2018-06-18 13:18:00.578	f	2018-06-18 16:28:30.09	1_Localizer (E1)	12800	0	SUCCEEDED	\N	t	t	f	4590652	100	\N	\N	t	f	100	AUTOMATIC_SETUP	100	4590645
4590657	2018-06-18 13:27:30.517	f	2018-06-18 16:28:30.09	T2_TurboRARE_Rat (E2)	96000	1	SUCCEEDED	\N	t	t	f	4590652	100	\N	\N	t	f	100	AUTOMATIC_SETUP	100	4590655
4590684	2018-06-18 13:53:32.266	f	2018-06-18 16:28:30.09	MT_EPI_FullCEST (E7)	147000	2	SUCCEEDED	\N	t	t	f	4590652	100	\N	\N	t	f	100	AUTOMATIC_SETUP	100	4590682
4590690	2018-06-18 14:02:45.208	f	2018-06-18 16:28:30.09	MT_EPI_CEST_49steps_Rat (E8)	294000	3	SUCCEEDED	\N	t	t	f	4590652	100	\N	\N	t	f	100	AUTOMATIC_SETUP	100	4590688
4590720	2018-06-18 14:19:38.411	f	2018-06-18 16:28:30.09	MT_EPI_CEST_49steps_Rat (E12)	294000	4	SUCCEEDED	\N	t	t	f	4590652	100	\N	\N	t	f	100	AUTOMATIC_SETUP	100	4590718
4590726	2018-06-18 14:22:29.945	f	2018-06-18 16:28:30.09	MT_EPI_WASSR_Rat (E13)	123000	5	SUCCEEDED	\N	t	t	f	4590652	100	\N	\N	t	f	100	AUTOMATIC_SETUP	100	4590724
4590742	2018-06-18 14:27:13.046	f	2018-06-18 16:28:30.09	MT_EPI_CEST_49steps_Rat (E15)	294000	6	SUCCEEDED	\N	t	t	f	4590652	100	\N	\N	t	f	100	AUTOMATIC_SETUP	100	4590740
4590748	2018-06-18 14:30:32.91	f	2018-06-18 16:28:30.09	MT_EPI_WASSR_Rat (E16)	123000	7	SUCCEEDED	\N	t	t	f	4590652	100	\N	\N	t	f	100	AUTOMATIC_SETUP	100	4590746
4590754	2018-06-18 14:31:09.292	f	2018-06-18 16:28:30.091	MT_EPI_CEST_49steps_Rat (E17)	294000	8	SUCCEEDED	\N	t	t	f	4590652	100	\N	\N	t	f	100	AUTOMATIC_SETUP	100	4590752
4590794	2018-06-18 15:45:11.015	f	2018-06-18 16:28:30.091	MT_EPI_CEST_49steps_Rat (E21)	294000	10	SUCCEEDED	\N	t	t	f	4590652	100	\N	\N	t	f	100	AUTOMATIC_SETUP	100	4590792
4590787	2018-06-18 15:34:17.904	f	2018-06-18 16:28:30.091	MT_EPI_CEST_49steps_Cor (E20)	294000	9	SUCCEEDED	\N	t	t	f	4590652	100	\N	\N	t	f	100	AUTOMATIC_SETUP	100	4590785
4590801	2018-06-18 15:46:55.453	f	2018-06-18 16:28:30.092	MT_EPI_CEST_49steps_4A (E22)	588000	11	SUCCEEDED	\N	t	t	f	4590652	100	\N	\N	t	f	100	AUTOMATIC_SETUP	100	4590799
4590808	2018-06-18 16:03:52.535	f	2018-06-18 16:28:30.092	MT_EPI_CEST_49steps_Rat (E23)	20000	12	SUCCEEDED	\N	t	t	f	4590652	100	\N	\N	t	f	100	AUTOMATIC_SETUP	100	4590806
4590816	2018-06-18 16:11:35.195	f	2018-06-18 16:28:30.092	MT_EPI_CEST_49steps_Rat (E24)	40000	13	SUCCEEDED	\N	t	t	f	4590652	100	\N	\N	t	f	100	AUTOMATIC_SETUP	100	4590814
4590822	2018-06-18 16:16:26.196	f	2018-06-18 16:28:30.092	MT_EPI_CEST_49steps_Rat (E25)	70000	14	SUCCEEDED	\N	t	t	f	4590652	100	\N	\N	t	f	100	AUTOMATIC_SETUP	100	4590820
4590828	2018-06-18 16:21:26.535	f	2018-06-18 16:28:30.102	MT_EPI_CEST_49steps_Rat (E26)	110000	15	SUCCEEDED	\N	t	t	f	4590652	100	\N	\N	t	f	100	AUTOMATIC_SETUP	100	4590826
8817714	2018-10-02 09:18:03.763	f	2018-10-02 13:15:37.371	1_Localizer (E1)	12800	0	SUCCEEDED	\N	t	t	f	8817767	100	\N	\N	t	f	100	AUTOMATIC_SETUP	100	8817711
8817726	2018-10-02 09:18:04.227	f	2018-10-02 13:15:37.371	T2_TurboRARE_ETL8 (E3)	480000	6	SUCCEEDED	\N	t	t	f	8817767	100	\N	\N	t	f	100	AUTOMATIC_SETUP	100	8817724
8817732	2018-10-02 09:18:04.416	f	2018-10-02 13:15:37.371	T2_TurboRARE_AX_Rat (E4)	476000	4	SUCCEEDED	\N	t	t	f	8817767	100	\N	\N	t	f	100	AUTOMATIC_SETUP	100	8817730
8817720	2018-10-02 09:18:04.068	f	2018-10-02 13:15:37.919	FLASH3D_MT_ON (E2)	633600	18	UNUSED	\N	f	t	f	8817767	0	\N	\N	t	f	0	AUTOMATIC_SETUP	0	8817718
8817774	2018-10-02 09:42:28.891	f	2018-10-02 13:15:37.378	1_Localizer (E10)	12800	1	SUCCEEDED	\N	t	t	f	8817767	100	\N	\N	t	f	100	AUTOMATIC_SETUP	100	8817771
8817782	2018-10-02 09:46:26.398	f	2018-10-02 13:15:37.378	1_Localizer (E11)	12800	2	SUCCEEDED	\N	t	t	f	8817767	100	\N	\N	t	f	100	AUTOMATIC_SETUP	100	8817779
8817790	2018-10-02 09:47:51.854	f	2018-10-02 13:15:37.38	1_Localizer (E12)	12800	3	SUCCEEDED	\N	t	t	f	8817767	100	\N	\N	t	f	100	AUTOMATIC_SETUP	100	8817787
8817744	2018-10-02 09:18:04.756	f	2018-10-02 13:15:37.377	nihMP2RAGE_3Seg_750ms_3s (E6)	1386000	5	SUCCEEDED	\N	t	t	f	8817767	100	\N	\N	t	f	100	AUTOMATIC_SETUP	100	8817742
8817750	2018-10-02 09:18:04.909	f	2018-10-02 13:15:37.378	T2star_rsFMRI_iso400Test (E7)	1500	7	SUCCEEDED	\N	t	t	f	8817767	100	\N	\N	t	f	100	AUTOMATIC_SETUP	100	8817748
8817756	2018-10-02 09:18:05.189	f	2018-10-02 13:15:37.919	T2star_rsFMRI_iso400_Instruction (E8)	1500	19	UNUSED	\N	f	t	f	8817767	0	FREQ_FREQ_Standard,USERADJ1_EpiTraj,USERADJ2_EpiGrappa,gop	\N	t	f	0	INDIVIDUAL_SETUP	0	8817754
8817820	2018-10-02 10:38:47.395	f	2018-10-02 13:15:37.381	T2star_rsFMRI_iso400_600V_Run1 (E16)	900000	8	SUCCEEDED	\N	t	t	f	8817767	100	FREQ_FREQ_Standard,USERADJ1_EpiTraj,USERADJ2_EpiGrappa,gop	\N	t	f	100	INDIVIDUAL_SETUP	100	8817818
8817826	2018-10-02 10:42:25.694	f	2018-10-02 13:15:37.381	T2star_rsFMRI_iso400_600V_Run2 (E17)	900000	9	SUCCEEDED	\N	t	t	f	8817767	100	FREQ_FREQ_Standard,USERADJ1_EpiTraj,USERADJ2_EpiGrappa,gop	\N	t	f	100	INDIVIDUAL_SETUP	100	8817824
8817833	2018-10-02 10:59:46.823	f	2018-10-02 13:15:37.381	T2star_rsFMRI_iso400_600V_Run3 (E18)	900000	10	SUCCEEDED	\N	t	t	f	8817767	100	FREQ_FREQ_Standard,USERADJ1_EpiTraj,USERADJ2_EpiGrappa,gop	\N	t	f	100	INDIVIDUAL_SETUP	100	8817831
8817839	2018-10-02 11:17:21.345	f	2018-10-02 13:15:37.381	T2star_rsFMRI_iso400_600V_Run4 (E19)	900000	11	SUCCEEDED	\N	t	t	f	8817767	100	FREQ_FREQ_Standard,USERADJ1_EpiTraj,USERADJ2_EpiGrappa,gop	\N	t	f	100	INDIVIDUAL_SETUP	100	8817837
8817845	2018-10-02 11:36:41.47	f	2018-10-02 13:15:37.381	T2star_rsFMRI_iso400_600V_Run5 (E20)	900000	12	SUCCEEDED	\N	t	t	f	8817767	100	FREQ_FREQ_Standard,USERADJ1_EpiTraj,USERADJ2_EpiGrappa,gop	\N	t	f	100	INDIVIDUAL_SETUP	100	8817843
8817851	2018-10-02 11:55:51.554	f	2018-10-02 13:15:37.405	T2star_rsFMRI_iso400_600V_Run6 (E21)	900000	13	SUCCEEDED	\N	t	t	f	8817767	100	FREQ_FREQ_Standard,USERADJ1_EpiTraj,USERADJ2_EpiGrappa,gop	\N	t	f	100	INDIVIDUAL_SETUP	100	8817849
8817857	2018-10-02 12:26:54.277	f	2018-10-02 13:15:37.407	FLASH2D_TestTi1s (E22)	288000	14	SUCCEEDED	\N	t	t	f	8817767	100	\N	\N	t	f	100	AUTOMATIC_SETUP	100	8817855
8817863	2018-10-02 12:30:48.482	f	2018-10-02 13:15:37.408	FLASH2D_TestNoTi (E23)	288000	15	SUCCEEDED	\N	t	t	f	8817767	100	\N	\N	t	f	100	AUTOMATIC_SETUP	100	8817861
8817875	2018-10-02 12:38:29.584	f	2018-10-02 13:15:37.919	T2star_rsFMRI_iso400Test (E25)	1500	16	UNUSED	\N	f	t	f	8817767	0	\N	\N	t	f	0	AUTOMATIC_SETUP	0	8817873
8817869	2018-10-02 12:37:50.458	f	2018-10-02 13:15:37.919	ep2d_dti_RV (E24)	40000	17	UNUSED	\N	f	t	f	8817767	0	\N	\N	t	f	0	AUTOMATIC_SETUP	0	8817867
\.
COPY frequencycategoryentity (id, creationdate, favorite, modificationdate, comment, registration) FROM stdin;
\.
COPY gradientcategoryentity (id, creationdate, favorite, modificationdate, comment, registration, frequencycategoryentity_id) FROM stdin;
\.
COPY scaninstructionprotocolentity (id, creationdate, favorite, modificationdate, application, description, displayname, region, specimen, archiveddate, bruker, deleteprotection, forallfrequencies, forallgradientsystems, nonservice, service, storedtime, frequencycategoryentity_id, gradientcategoryentity_id) FROM stdin;
4590688	2018-06-18 14:02:45.208	f	2018-06-18 14:02:45.235	Brain	Default method protocol	MT_EPI_CEST_49steps_Rat	Rat	CFMM	\N	f	f	f	f	t	f	\N	\N	\N
4590724	2018-06-18 14:22:29.945	f	2018-06-18 14:22:29.984	Brain	Default method protocol	MT_EPI_WASSR_Rat	Rat	CFMM	\N	f	f	f	f	t	f	\N	\N	\N
4590740	2018-06-18 14:27:13.046	f	2018-06-18 14:27:13.076	Brain	Default method protocol	MT_EPI_CEST_49steps_Rat	Rat	CFMM	\N	f	f	f	f	t	f	\N	\N	\N
3509334	2018-05-15 12:34:46.72	f	2018-05-15 12:34:46.729	Anatomy	Default method protocol	SINGLEPULSE	Head	Rat	\N	f	f	f	f	t	f	\N	\N	\N
3509426	2018-05-15 13:19:21.246	f	2018-05-15 13:19:21.263	Anatomy	Single shot FID EPI\n5 slices\nMtx. 128x96\nFat sat\nTR/TE=1500/23.5	T2star_FID_EPI	Head	Rat	\N	f	f	f	f	t	f	\N	\N	\N
3509340	2018-05-15 12:35:37.366	f	2018-05-15 12:35:37.375	Anatomy	Default method protocol	SINGLEPULSE	Head	Rat	\N	f	f	f	f	t	f	\N	\N	\N
3509370	2018-05-15 12:44:45.987	f	2018-05-15 12:44:45.998	Anatomy	Anatomical information\nGradient echo\n9 slices\nTR/TE=200/4.5\nFat sat\nScan time: 3 min 50 s	T1_FLASH	Head	Rat	\N	f	f	f	f	t	f	\N	\N	\N
4590746	2018-06-18 14:30:32.91	f	2018-06-18 14:30:32.944	Brain	Default method protocol	MT_EPI_WASSR_Rat	Rat	CFMM	\N	f	f	f	f	t	f	\N	\N	\N
4590752	2018-06-18 14:31:09.292	f	2018-06-18 14:31:09.304	Brain	Default method protocol	MT_EPI_CEST_49steps_Rat	Rat	CFMM	\N	f	f	f	f	t	f	\N	\N	\N
4590814	2018-06-18 16:11:35.195	f	2018-06-18 16:11:35.205	Brain	Default method protocol	MT_EPI_CEST_49steps_Rat	Rat	CFMM	\N	f	f	f	f	t	f	\N	\N	\N
3509432	2018-05-15 13:26:10.419	f	2018-05-15 13:26:10.434	Anatomy	Single shot FID EPI\n5 slices\nMtx. 128x96\nFat sat\nTR/TE=1500/23.5	T2star_FID_EPI	Head	Rat	\N	f	f	f	f	t	f	\N	\N	\N
3509468	2018-05-15 13:53:59.097	f	2018-05-15 13:53:59.176	Anatomy	Anatomical information\nGradient echo\n9 slices\nTR/TE=200/4.5\nFat sat\nScan time: 3 min 50 s	T1_FLASH	Head	Rat	\N	f	f	f	f	t	f	\N	\N	\N
4590785	2018-06-18 15:34:17.904	f	2018-06-18 15:34:17.915	Brain	Default method protocol	MT_EPI_CEST_49steps_Rat	Rat	CFMM	\N	f	f	f	f	t	f	\N	\N	\N
4590799	2018-06-18 15:46:55.453	f	2018-06-18 15:46:55.464	Brain	Default method protocol	MT_EPI_CEST_49steps_Rat	Rat	CFMM	\N	f	f	f	f	t	f	\N	\N	\N
4590806	2018-06-18 16:03:52.535	f	2018-06-18 16:03:52.583	Brain	Default method protocol	MT_EPI_CEST_49steps_Rat	Rat	CFMM	\N	f	f	f	f	t	f	\N	\N	\N
3509438	2018-05-15 13:28:29.918	f	2018-05-15 13:28:29.935	Anatomy	Anatomical information\nGradient echo\n9 slices\nTR/TE=200/4.5\nFat sat\nScan time: 3 min 50 s	T1_FLASH	Head	Rat	\N	f	f	f	f	t	f	\N	\N	\N
3509450	2018-05-15 13:38:01.801	f	2018-05-15 13:38:01.814	Anatomy	Single shot FID EPI\n5 slices\nMtx. 128x96\nFat sat\nTR/TE=1500/23.5	T2star_FID_EPI	Head	Rat	\N	f	f	f	f	t	f	\N	\N	\N
3509444	2018-05-15 13:31:46.669	f	2018-05-15 13:31:46.733	Anatomy	Single shot FID EPI\n5 slices\nMtx. 128x96\nFat sat\nTR/TE=1500/23.5	T2star_FID_EPI	Head	Rat	\N	f	f	f	f	t	f	\N	\N	\N
3509456	2018-05-15 13:43:03.939	f	2018-05-15 13:43:04.005	Anatomy	Anatomical information\nGradient echo\n9 slices\nTR/TE=200/4.5\nFat sat\nScan time: 3 min 50 s	T1_FLASH	Head	Rat	\N	f	f	f	f	t	f	\N	\N	\N
3509474	2018-05-15 14:02:00.973	f	2018-05-15 14:02:00.991	Anatomy	Evaluation diffusion tensor\nSingle shot EPI\n5 A0 images, 30 diffusion directions, B=650 s/mm2\nTR/TE=3000/29\nFat sat\nScan time: 4 min 24 s	DTI_EPI_30dir	Head	Rat	\N	f	f	f	f	t	f	\N	\N	\N
3509462	2018-05-15 13:46:08.68	f	2018-05-15 13:46:08.745	Anatomy	Single shot FID EPI\n5 slices\nMtx. 128x96\nFat sat\nTR/TE=1500/23.5	T2star_FID_EPI	Head	Rat	\N	f	f	f	f	t	f	\N	\N	\N
3509495	2018-05-15 14:13:42.115	f	2018-05-15 14:13:42.132	Anatomy	T2* evaluation\nMulti gradient echo\n1 slice, 9 echoes\nTR/TE=800/4..9.5...-> 42.5\nScan time: 5 min 7 s\nEnsure correct shim conditions!	T2star_map_MGE	Head	Rat	\N	f	f	f	f	t	f	\N	\N	\N
3509558	2018-05-15 15:10:38.347	f	2018-05-15 15:10:38.436	Anatomy	Single shot FID EPI\n5 slices\nMtx. 128x96\nFat sat\nTR/TE=1500/23.5	T2star_FID_EPI	Head	Rat	\N	f	f	f	f	t	f	\N	\N	\N
4590645	2018-06-18 13:18:00.578	f	2018-06-18 13:18:00.971	Brain	Overview scan\n3 orthogonal slices\nFat sat\nScan time: 13 s	1_Localizer	Rat	CFMM	\N	f	f	f	f	t	f	\N	\N	\N
4590655	2018-06-18 13:27:30.517	f	2018-06-18 13:27:30.534	Brain	T2 contrast\nFast spin echo\n1 slices\nTR/TE=2500/36\nFat sat\nScan time: 2 min 40 s	T2_TurboRARE_Rat	Rat	CFMM	\N	f	f	f	f	t	f	\N	\N	\N
4590820	2018-06-18 16:16:26.196	f	2018-06-18 16:16:26.207	Brain	Default method protocol	MT_EPI_CEST_49steps_Rat	Rat	CFMM	\N	f	f	f	f	t	f	\N	\N	\N
4590826	2018-06-18 16:21:26.535	f	2018-06-18 16:21:26.545	Brain	Default method protocol	MT_EPI_CEST_49steps_Rat	Rat	CFMM	\N	f	f	f	f	t	f	\N	\N	\N
3509294	2018-05-15 11:02:42.189	f	2018-05-15 11:02:42.626	Anatomy	Overview scan\n3 orthogonal slices\nFat sat\nScan time: 13 s	1_Localizer	Head	Rat	\N	f	f	f	f	t	f	\N	\N	\N
3509352	2018-05-15 12:38:21.005	f	2018-05-15 12:38:21.017	Anatomy	Single shot FID EPI\n5 slices\nMtx. 128x96\nFat sat\nTR/TE=1500/23.5	T2star_FID_EPI	Head	Rat	\N	f	f	f	f	t	f	\N	\N	\N
3509376	2018-05-15 12:45:29.832	f	2018-05-15 12:45:29.843	Anatomy	Anatomical information\nGradient echo\n9 slices\nTR/TE=200/4.5\nFat sat\nScan time: 3 min 50 s	T1_FLASH	Head	Rat	\N	f	f	f	f	t	f	\N	\N	\N
3509382	2018-05-15 12:46:59.01	f	2018-05-15 12:46:59.024	Anatomy	Anatomical information\nGradient echo\n9 slices\nTR/TE=200/4.5\nFat sat\nScan time: 3 min 50 s	T1_FLASH	Head	Rat	\N	f	f	f	f	t	f	\N	\N	\N
3509346	2018-05-15 12:36:25.483	f	2018-05-15 12:36:25.491	Anatomy	Default method protocol	rpAFI	Head	Rat	\N	f	f	f	f	t	f	\N	\N	\N
3509404	2018-05-15 12:59:50.125	f	2018-05-15 12:59:50.138	Anatomy	Contrast between white and grey matter\nSegmented gradient echo with inversion\n16 slices\nTR/TI/TE=4000/1000/3\n4 segments\nFat sat\nScan time: 18 min\n	T1_MDEFT	Head	Rat	\N	f	f	f	f	t	f	\N	\N	\N
4590682	2018-06-18 13:53:32.266	f	2018-06-18 13:53:32.29	Brain	Default method protocol	MT_EPI_WASSR_Rat	Rat	CFMM	\N	f	f	f	f	t	f	\N	\N	\N
3509312	2018-05-15 12:25:55.852	f	2018-05-15 12:25:55.871	Anatomy	Overview scan\n3 orthogonal slices\nFat sat\nScan time: 13 s	1_Localizer	Head	Rat	\N	f	f	f	f	t	f	\N	\N	\N
3509364	2018-05-15 12:44:07.998	f	2018-05-15 12:44:08.021	Anatomy	Anatomical information\nGradient echo\n9 slices\nTR/TE=200/4.5\nFat sat\nScan time: 3 min 50 s	T1_FLASH	Head	Rat	\N	f	f	f	f	t	f	\N	\N	\N
4590792	2018-06-18 15:45:11.015	f	2018-06-18 15:45:11.058	Brain	Default method protocol	MT_EPI_CEST_49steps_Rat	Rat	CFMM	\N	f	f	f	f	t	f	\N	\N	\N
4590718	2018-06-18 14:19:38.411	f	2018-06-18 14:19:38.451	Brain	Default method protocol	MT_EPI_CEST_49steps_Rat	Rat	CFMM	\N	f	f	f	f	t	f	\N	\N	\N
3509388	2018-05-15 12:49:57.844	f	2018-05-15 12:49:57.857	Anatomy	Susceptibility weighted imaging\nGradient echo\n9 slices\nTR/TE=350/16\nFat sat\nScan time: 11 min 57 s	SWI_FLASH	Head	Rat	\N	f	f	f	f	t	f	\N	\N	\N
3509394	2018-05-15 12:52:22.978	f	2018-05-15 12:52:22.99	Anatomy	T2 contrast\nFast spin echo\n9 slices\nTR/TE=2500/33\nFat sat\nScan time: 2 min 40 s	T2_TurboRARE	Head	Rat	\N	f	f	f	f	t	f	\N	\N	\N
3509410	2018-05-15 13:07:00.928	f	2018-05-15 13:07:00.981	Anatomy	T2 contrast\nFast spin echo\n9 slices\nTR/TE=2500/33\nFat sat\nScan time: 2 min 40 s	T2_TurboRARE	Head	Rat	\N	f	f	f	f	t	f	\N	\N	\N
3509416	2018-05-15 13:15:41.426	f	2018-05-15 13:15:41.472	Anatomy	Susceptibility weighted imaging\nGradient echo\n9 slices\nTR/TE=350/16\nFat sat\nScan time: 11 min 57 s	SWI_FLASH	Head	Rat	\N	f	f	f	f	t	f	\N	\N	\N
8817711	2018-10-02 09:18:03.763	f	2018-10-02 09:18:05.651	Rat	Overview scan\n3 orthogonal slices\nFat sat\nScan time: 13 s	1_Localizer	Scan_Programs	CFMM	\N	f	f	f	f	t	f	\N	\N	\N
8817718	2018-10-02 09:18:04.068	f	2018-10-02 09:18:05.651	Rat	Anatomical information\nGradient echo\nIsotropic resolution 200 um\nTR/TE=50/8\nScan time: 30min s	FLASH3D_MT_ON	Scan_Programs	CFMM	\N	f	f	f	f	t	f	\N	\N	\N
8817724	2018-10-02 09:18:04.227	f	2018-10-02 09:18:05.651	Rat	T2 contrast\nFast spin echo\n35 slices\nTR/TE=4000/37\n100 x 100 x 500 um\nFat sat\nScan time: 2 min 40 s	T2_TurboRARE_ETL8	Scan_Programs	CFMM	\N	f	f	f	f	t	f	\N	\N	\N
8817730	2018-10-02 09:18:04.416	f	2018-10-02 09:18:05.651	Rat	T2 contrast\nFast spin echo\nTR/TE=6000/45\nFat sat\nScan time: 4 min 40 s	T2_TurboRARE_AX_Rat	Scan_Programs	CFMM	\N	f	f	f	f	t	f	\N	\N	\N
8817837	2018-10-02 11:17:21.345	f	2018-10-02 11:17:21.351	Rat		T2star_rsFMRI_iso400_Rat	Scan_Programs	CFMM	\N	f	f	f	f	t	f	\N	\N	\N
8817742	2018-10-02 09:18:04.756	f	2018-10-02 09:18:05.651	Rat	Default method protocol	nihMP2RAGE_3Seg_750ms_3s	Scan_Programs	CFMM	\N	f	f	f	f	t	f	\N	\N	\N
8817748	2018-10-02 09:18:04.909	f	2018-10-02 09:18:05.651	Rat		T2star_rsFMRI_iso400_Rat	Scan_Programs	CFMM	\N	f	f	f	f	t	f	\N	\N	\N
8817754	2018-10-02 09:18:05.189	f	2018-10-02 09:18:05.651	Rat		T2star_rsFMRI_iso400_Rat	Scan_Programs	CFMM	\N	f	f	f	f	t	f	\N	\N	\N
8817771	2018-10-02 09:42:28.891	f	2018-10-02 09:42:28.903	Rat	Overview scan\n3 orthogonal slices\nFat sat\nScan time: 13 s	1_Localizer	Scan_Programs	CFMM	\N	f	f	f	f	t	f	\N	\N	\N
8817779	2018-10-02 09:46:26.398	f	2018-10-02 09:46:26.407	Rat	Overview scan\n3 orthogonal slices\nFat sat\nScan time: 13 s	1_Localizer	Scan_Programs	CFMM	\N	f	f	f	f	t	f	\N	\N	\N
8817787	2018-10-02 09:47:51.854	f	2018-10-02 09:47:51.863	Rat	Overview scan\n3 orthogonal slices\nFat sat\nScan time: 13 s	1_Localizer	Scan_Programs	CFMM	\N	f	f	f	f	t	f	\N	\N	\N
8817818	2018-10-02 10:38:47.395	f	2018-10-02 10:38:47.404	Rat		T2star_rsFMRI_iso400_Rat	Scan_Programs	CFMM	\N	f	f	f	f	t	f	\N	\N	\N
8817824	2018-10-02 10:42:25.694	f	2018-10-02 10:42:25.703	Rat		T2star_rsFMRI_iso400_Rat	Scan_Programs	CFMM	\N	f	f	f	f	t	f	\N	\N	\N
8817831	2018-10-02 10:59:46.823	f	2018-10-02 10:59:46.827	Rat		T2star_rsFMRI_iso400_Rat	Scan_Programs	CFMM	\N	f	f	f	f	t	f	\N	\N	\N
8817843	2018-10-02 11:36:41.47	f	2018-10-02 11:36:41.475	Rat		T2star_rsFMRI_iso400_Rat	Scan_Programs	CFMM	\N	f	f	f	f	t	f	\N	\N	\N
8817849	2018-10-02 11:55:51.554	f	2018-10-02 11:55:51.558	Rat		T2star_rsFMRI_iso400_Rat	Scan_Programs	CFMM	\N	f	f	f	f	t	f	\N	\N	\N
8817855	2018-10-02 12:26:54.277	f	2018-10-02 12:26:54.287	Rat	Anatomical information\nGradient echo\n9 slices\nTR/TE=200/4.5\nFat sat\nScan time: 3 min 50 s	T1_FLASH	Scan_Programs	CFMM	\N	f	f	f	f	t	f	\N	\N	\N
8817861	2018-10-02 12:30:48.482	f	2018-10-02 12:30:48.489	Rat	Anatomical information\nGradient echo\n9 slices\nTR/TE=200/4.5\nFat sat\nScan time: 3 min 50 s	T1_FLASH	Scan_Programs	CFMM	\N	f	f	f	f	t	f	\N	\N	\N
8817867	2018-10-02 12:37:50.458	f	2018-10-02 12:37:50.468	Rat	Default method protocol	cfmmDtiEpi	Scan_Programs	CFMM	\N	f	f	f	f	t	f	\N	\N	\N
8817873	2018-10-02 12:38:29.584	f	2018-10-02 12:38:29.67	Rat		T2star_rsFMRI_iso400_Rat	Scan_Programs	CFMM	\N	f	f	f	f	t	f	\N	\N	\N
\.
